<?xml version="1.0"?>
<measure>
  <schema_version>3.0</schema_version>
  <name>cea_customize_cool_equip_cop</name>
  <uid>1f2d7e21-8bb3-4a6e-af9a-ad9927a821a2</uid>
  <version_id>fc0af295-712c-4b28-b7c1-ccd5d7759e4e</version_id>
  <version_modified>20230927T151010Z</version_modified>
  <xml_checksum>9D680690</xml_checksum>
  <class_name>CeaCustomizeCoolEquipCop</class_name>
  <display_name>cea_customize_cool_equip_cop</display_name>
  <description>A cea measure for editing the EER by way of a conversion to COP of PTHP, Chiller, PTAC, PSZ-AC, WSHP

The measure will rely on the WTForm sharing the system_type variable assignment across all the workflow steps.  This knowledge makes a simple routine for using the system_type to guide the set COP methods.</description>
  <modeler_description>Use the system_variable for if and ifels statments to access the appropriate model.object methods</modeler_description>
  <arguments>
    <argument>
      <name>veg_space</name>
      <display_name>Choose a veg space</display_name>
      <type>Choice</type>
      <required>true</required>
      <model_dependent>false</model_dependent>
    </argument>
    <argument>
      <name>flower_space</name>
      <display_name>Choose a flower space</display_name>
      <type>Choice</type>
      <required>true</required>
      <model_dependent>false</model_dependent>
    </argument>
    <argument>
      <name>system_type</name>
      <display_name>System Type string agrument</display_name>
      <description>designed to follow the assignment from earlier in the create_typical measure portion of the workflow</description>
      <type>String</type>
      <required>true</required>
      <model_dependent>false</model_dependent>
      <default_value>Residential heat pump</default_value>
    </argument>
    <argument>
      <name>template</name>
      <display_name>template string agrument</display_name>
      <description>designed to follow the assignment from earlier in the create_typical measure portion of the workflow</description>
      <type>String</type>
      <required>true</required>
      <model_dependent>false</model_dependent>
      <default_value>90.1-2016</default_value>
    </argument>
    <argument>
      <name>rating_category</name>
      <display_name>UI input for selecting desired rating condition</display_name>
      <description>String agrument here, will be locked to a choices within the WTForms validator</description>
      <type>String</type>
      <required>true</required>
      <model_dependent>false</model_dependent>
      <default_value>EER</default_value>
    </argument>
    <argument>
      <name>rating_input</name>
      <display_name>Numerical Entry for either SEER or EER, 0 smart defatult will follow the standards-gem</display_name>
      <description>Will use the rating_category input for an IF statment on converting EER/SEER into model req COP (without Fan)</description>
      <type>Double</type>
      <required>true</required>
      <model_dependent>false</model_dependent>
      <default_value>12.32</default_value>
    </argument>
  </arguments>
  <outputs />
  <provenances />
  <tags>
    <tag>HVAC.Cooling</tag>
  </tags>
  <attributes>
    <attribute>
      <name>Measure Type</name>
      <value>ModelMeasure</value>
      <datatype>string</datatype>
    </attribute>
    <attribute>
      <name>Intended Software Tool</name>
      <value>Apply Measure Now</value>
      <datatype>string</datatype>
    </attribute>
    <attribute>
      <name>Intended Software Tool</name>
      <value>OpenStudio Application</value>
      <datatype>string</datatype>
    </attribute>
    <attribute>
      <name>Intended Software Tool</name>
      <value>Parametric Analysis Tool</value>
      <datatype>string</datatype>
    </attribute>
    <attribute>
      <name>Intended Use Case</name>
      <value>Model Articulation</value>
      <datatype>string</datatype>
    </attribute>
    <attribute>
      <name>Intended Use Case</name>
      <value>Calibration</value>
      <datatype>string</datatype>
    </attribute>
    <attribute>
      <name>Intended Use Case</name>
      <value>Sensitivity Analysis</value>
      <datatype>string</datatype>
    </attribute>
  </attributes>
  <files>
    <file>
      <filename>LICENSE.md</filename>
      <filetype>md</filetype>
      <usage_type>license</usage_type>
      <checksum>CD7F5672</checksum>
    </file>
    <file>
      <filename>README.md.erb</filename>
      <filetype>erb</filetype>
      <usage_type>readmeerb</usage_type>
      <checksum>F1C26127</checksum>
    </file>
    <file>
      <filename>.gitkeep</filename>
      <filetype>gitkeep</filetype>
      <usage_type>doc</usage_type>
      <checksum>00000000</checksum>
    </file>
    <file>
      <filename>cea_customize_cool_equip_cop_test.rb</filename>
      <filetype>rb</filetype>
      <usage_type>test</usage_type>
      <checksum>8C5BACE2</checksum>
    </file>
    <file>
      <filename>example_model.osm</filename>
      <filetype>osm</filetype>
      <usage_type>test</usage_type>
      <checksum>53D14E69</checksum>
    </file>
    <file>
      <version>
        <software_program>OpenStudio</software_program>
        <identifier>3.3.0</identifier>
        <min_compatible>3.3.0</min_compatible>
      </version>
      <filename>measure.rb</filename>
      <filetype>rb</filetype>
      <usage_type>script</usage_type>
      <checksum>1AFB6D25</checksum>
    </file>
    <file>
      <filename>README.md</filename>
      <filetype>md</filetype>
      <usage_type>readme</usage_type>
      <checksum>42A15504</checksum>
    </file>
  </files>
</measure>
