<?xml version="1.0"?>
<measure>
  <schema_version>3.0</schema_version>
  <name>gh_set_monthly_thermostat_setpoint</name>
  <uid>2a73f014-4c97-4b13-871d-d9bc9813fa75</uid>
  <version_id>b4e572b8-a08f-4bda-abc0-190b068b5a7f</version_id>
  <version_modified>20220913T160021Z</version_modified>
  <xml_checksum>1E1550A9</xml_checksum>
  <class_name>GhSetMonthlyThermostatSetpoint</class_name>
  <display_name>GhSetMonthlyThermostatSetpoint</display_name>
  <description>This measure parameterizes the greenhouse heating thermostat into monthly user arguments.  This includes logic for multiple user argument configurations.</description>
  <modeler_description>This measure will clone all of the schedules that are used as heating and cooling setpoints for thermal zones. The clones are hooked up to the thermostat in place of the original schedules. Then the schedules are adjusted by the specified values. There is a checkbox to determine if the thermostat for design days should be altered.</modeler_description>
  <arguments>
    <argument>
      <name>setpoint_schedule_selection</name>
      <display_name>Thermostat to alter</display_name>
      <type>Choice</type>
      <required>true</required>
      <model_dependent>false</model_dependent>
      <default_value>{9d99f246-7471-446e-ad1f-bcd3eca4fff2}</default_value>
      <choices>
        <choice>
          <value>{9d99f246-7471-446e-ad1f-bcd3eca4fff2}</value>
          <display_name>Default (from greenhouse_seed_model.osm)</display_name>
        </choice>
      </choices>
    </argument>
    <argument>
      <name>cooling_adjustment</name>
      <display_name>Degrees Fahrenheit to Adjust Cooling Setpoint By</display_name>
      <type>Double</type>
      <required>true</required>
      <model_dependent>false</model_dependent>
      <default_value>1</default_value>
    </argument>
    <argument>
      <name>heating_adjustment</name>
      <display_name>Degrees Fahrenheit to Adjust heating Setpoint By</display_name>
      <type>Double</type>
      <required>true</required>
      <model_dependent>false</model_dependent>
      <default_value>-1</default_value>
    </argument>
    <argument>
      <name>jan_sp</name>
      <display_name>Jan SP deg F</display_name>
      <type>Double</type>
      <required>true</required>
      <model_dependent>false</model_dependent>
      <default_value>50</default_value>
    </argument>
    <argument>
      <name>feb_sp</name>
      <display_name>Feb SP deg F</display_name>
      <type>Double</type>
      <required>true</required>
      <model_dependent>false</model_dependent>
      <default_value>50</default_value>
    </argument>
    <argument>
      <name>mar_sp</name>
      <display_name>Mar SP deg F</display_name>
      <type>Double</type>
      <required>true</required>
      <model_dependent>false</model_dependent>
      <default_value>50</default_value>
    </argument>
    <argument>
      <name>apr_sp</name>
      <display_name>Apr SP deg F</display_name>
      <type>Double</type>
      <required>true</required>
      <model_dependent>false</model_dependent>
      <default_value>50</default_value>
    </argument>
    <argument>
      <name>may_sp</name>
      <display_name>May SP deg F</display_name>
      <type>Double</type>
      <required>true</required>
      <model_dependent>false</model_dependent>
      <default_value>50</default_value>
    </argument>
    <argument>
      <name>sum_sp</name>
      <display_name>Summer SP deg F</display_name>
      <type>Double</type>
      <required>true</required>
      <model_dependent>false</model_dependent>
      <default_value>50</default_value>
    </argument>
    <argument>
      <name>sep_sp</name>
      <display_name>Sept SP deg F</display_name>
      <type>Double</type>
      <required>true</required>
      <model_dependent>false</model_dependent>
      <default_value>50</default_value>
    </argument>
    <argument>
      <name>oct_sp</name>
      <display_name>Oct SP deg F</display_name>
      <type>Double</type>
      <required>true</required>
      <model_dependent>false</model_dependent>
      <default_value>50</default_value>
    </argument>
    <argument>
      <name>nov_sp</name>
      <display_name>Nov SP deg F</display_name>
      <type>Double</type>
      <required>true</required>
      <model_dependent>false</model_dependent>
      <default_value>50</default_value>
    </argument>
    <argument>
      <name>dec_sp</name>
      <display_name>Dec SP deg F</display_name>
      <type>Double</type>
      <required>true</required>
      <model_dependent>false</model_dependent>
      <default_value>50</default_value>
    </argument>
    <argument>
      <name>alter_design_days</name>
      <display_name>Alter Design Day Thermostats</display_name>
      <type>Boolean</type>
      <required>true</required>
      <model_dependent>false</model_dependent>
      <default_value>false</default_value>
      <choices>
        <choice>
          <value>true</value>
          <display_name>true</display_name>
        </choice>
        <choice>
          <value>false</value>
          <display_name>false</display_name>
        </choice>
      </choices>
    </argument>
  </arguments>
  <outputs />
  <provenances />
  <tags>
    <tag>HVAC.HVAC Controls</tag>
  </tags>
  <attributes>
    <attribute>
      <name>Measure Function</name>
      <value>Measure</value>
      <datatype>string</datatype>
    </attribute>
    <attribute>
      <name>Requires EnergyPlus Results</name>
      <value>false</value>
      <datatype>boolean</datatype>
    </attribute>
    <attribute>
      <name>Uses SketchUp API</name>
      <value>false</value>
      <datatype>boolean</datatype>
    </attribute>
    <attribute>
      <name>Measure Type</name>
      <value>ModelMeasure</value>
      <datatype>string</datatype>
    </attribute>
    <attribute>
      <name>Intended Software Tool</name>
      <value>Apply Measure Now</value>
      <datatype>string</datatype>
    </attribute>
    <attribute>
      <name>Intended Software Tool</name>
      <value>OpenStudio Application</value>
      <datatype>string</datatype>
    </attribute>
    <attribute>
      <name>Intended Software Tool</name>
      <value>Analysis Spreadsheet</value>
      <datatype>string</datatype>
    </attribute>
    <attribute>
      <name>Intended Use Case</name>
      <value>Model Articulation</value>
      <datatype>string</datatype>
    </attribute>
    <attribute>
      <name>Intended Use Case</name>
      <value>Calibration</value>
      <datatype>string</datatype>
    </attribute>
    <attribute>
      <name>Intended Use Case</name>
      <value>Sensitivity Analysis</value>
      <datatype>string</datatype>
    </attribute>
    <attribute>
      <name>Intended Use Case</name>
      <value>New Construction EE</value>
      <datatype>string</datatype>
    </attribute>
  </attributes>
  <files>
    <file>
      <filename>seed_model.osm</filename>
      <filetype>osm</filetype>
      <usage_type>test</usage_type>
      <checksum>01DC9D8F</checksum>
    </file>
    <file>
      <filename>ThermostatTestModel.osm</filename>
      <filetype>osm</filetype>
      <usage_type>test</usage_type>
      <checksum>508ECE85</checksum>
    </file>
    <file>
      <filename>LICENSE.md</filename>
      <filetype>md</filetype>
      <usage_type>license</usage_type>
      <checksum>9640B6CB</checksum>
    </file>
    <file>
      <filename>README.md.erb</filename>
      <filetype>erb</filetype>
      <usage_type>readmeerb</usage_type>
      <checksum>703C9964</checksum>
    </file>
    <file>
      <filename>AdjustThermostatSetpointsByDegrees_Test.rb</filename>
      <filetype>rb</filetype>
      <usage_type>test</usage_type>
      <checksum>F0225800</checksum>
    </file>
    <file>
      <filename>README.md</filename>
      <filetype>md</filetype>
      <usage_type>readme</usage_type>
      <checksum>E850314D</checksum>
    </file>
    <file>
      <version>
        <software_program>OpenStudio</software_program>
        <identifier>2.0.0</identifier>
        <min_compatible>2.0.0</min_compatible>
      </version>
      <filename>measure.rb</filename>
      <filetype>rb</filetype>
      <usage_type>script</usage_type>
      <checksum>E200C739</checksum>
    </file>
  </files>
</measure>
