<?xml version="1.0"?>
<measure>
  <schema_version>3.0</schema_version>
  <name>ashrae_9012010_daylighting_control_with_run_switch</name>
  <uid>3a663435-7210-42f8-b168-8487342a95b3</uid>
  <version_id>a7ac77f3-2e01-4bae-b883-f5c87e0aa6d4</version_id>
  <version_modified>20220805T210552Z</version_modified>
  <xml_checksum>B7C12471</xml_checksum>
  <class_name>ASHRAE9012010DaylightingControlWithRunSwitch</class_name>
  <display_name>ASHRAE 90.1-2010 Daylighting Control with run switch</display_name>
  <description>This measure adds automatic daylighting controls for Primary Sidelighted Areas and Toplighting according to ASHRAE 90.1-2010 sections 9.4.1.4 and 9.4.1.5.</description>
  <modeler_description>This measure starts by finding all fixed or operable windows on exterior walls. Then using the window and wall vertices it calculates the primary sidelighted width and the primary sidelighted depth. In finding the width, the measure takes the window width and adds 2 ft on both sides or the distance to the closest walls, whichever is smaller. To find the depth, the measure calculates the window head height and the distance to the interior wall across the room from the wall with the window and uses the smallest of the two values. The measure finds the total sidelighted area for the space and if it is greater then 250 ft2 the space it added to a list of spaces that will have daylighting added to them. Next it looks for exceptions 9.4.1.4 b and c and removes these spaces from the daylighting spaces list. 











Next this measure finds all of the skylights on the exterior roofs. Then using the skylight and roof vertices it finds the daylight area under skylights by adding 70% of ceiling height or the distance to the nearest wall, whichever is smaller, to all four sides of the skylights. If the area is larger then 900 ft2 then the space it added to the daylighting space list. Next the measure calculates the skylight effective aperture and if it is less than 0.6% the space is removed from the daylighting list.











Next this measure calculates the daylighting percent for each space by dividing the total daylighting area by the total floor area. Then it loops through each space in the daylighting space list and adds a daylight sensor to the center of that space. The daylight sensor has two control steps, 33% and 66%. Finally the zone associated with the daylighting space gets the sensor assigned to it and has the daylighting percent applied.











Please note the following items for this measure:





 - All windows and skylights must have four sides





 - One space per zone





 - This measure does not include rooftop monitors





 - This measure does not account for the overlap between sidelighted and toplighted area and therefore may provide too large of a daylighting percent to that zone (if the daylighting percent is greater then 1, the measure will replace it with 1). </modeler_description>
  <arguments>
    <argument>
      <name>run_lightingcontrol</name>
      <display_name>Run Measure</display_name>
      <type>Boolean</type>
      <required>true</required>
      <model_dependent>false</model_dependent>
      <default_value>true</default_value>
      <choices>
        <choice>
          <value>true</value>
          <display_name>true</display_name>
        </choice>
        <choice>
          <value>false</value>
          <display_name>false</display_name>
        </choice>
      </choices>
    </argument>
  </arguments>
  <outputs />
  <provenances />
  <tags>
    <tag>Electric Lighting.Electric Lighting Controls</tag>
  </tags>
  <attributes>
    <attribute>
      <name>Measure Function</name>
      <value>Measure</value>
      <datatype>string</datatype>
    </attribute>
    <attribute>
      <name>Requires EnergyPlus Results</name>
      <value>false</value>
      <datatype>boolean</datatype>
    </attribute>
    <attribute>
      <name>Uses SketchUp API</name>
      <value>false</value>
      <datatype>boolean</datatype>
    </attribute>
    <attribute>
      <name>Measure Type</name>
      <value>ModelMeasure</value>
      <datatype>string</datatype>
    </attribute>
    <attribute>
      <name>Intended Software Tool</name>
      <value>Apply Measure Now</value>
      <datatype>string</datatype>
    </attribute>
    <attribute>
      <name>Intended Software Tool</name>
      <value>OpenStudio Application</value>
      <datatype>string</datatype>
    </attribute>
    <attribute>
      <name>Intended Software Tool</name>
      <value>Parametric Analysis Tool</value>
      <datatype>string</datatype>
    </attribute>
    <attribute>
      <name>Intended Use Case</name>
      <value>Model Articulation</value>
      <datatype>string</datatype>
    </attribute>
    <attribute>
      <name>Intended Use Case</name>
      <value>Calibration</value>
      <datatype>string</datatype>
    </attribute>
    <attribute>
      <name>Intended Use Case</name>
      <value>Sensitivity Analysis</value>
      <datatype>string</datatype>
    </attribute>
    <attribute>
      <name>Intended Use Case</name>
      <value>New Construction EE</value>
      <datatype>string</datatype>
    </attribute>
  </attributes>
  <files>
    <file>
      <filename>measure.rb</filename>
      <filetype>rb</filetype>
      <usage_type></usage_type>
      <checksum>4BC938F3</checksum>
    </file>
  </files>
</measure>
