<?xml version="1.0"?>
<measure>
  <schema_version>3.0</schema_version>
  <name>apply_simultaneous_heatingandcooling_fault</name>
  <uid>5612f505-7705-4914-b97b-ad2f5d143c57</uid>
  <version_id>30808858-8da8-4994-8f63-75272631be19</version_id>
  <version_modified>20220913T160009Z</version_modified>
  <xml_checksum>9F4E41D3</xml_checksum>
  <class_name>ApplySimultaneousHeatingandcoolingFault</class_name>
  <display_name>apply_simultaneous_heatingandcooling_fault</display_name>
  <description>A measure for representing a fault condition of simultaneous heating and cooling.</description>
  <modeler_description>There are two logic paths through this measure to implement two kinds of simultaneous heating and cooling depending on the system type present and
    there is a True False boolean to run the mueasure (TRUE) or not.
    1) for VAV systems where the cooling coil is over cooling and the reheat is making up the difference.   
    Where the MAT temp gets set down from 55 defF to 50degF.  
    This is accomplished in the model by using the MAT SetpointManager:Warmest object and reseting down the MIN and MAX variables.  
    This measure assumes that the upstream MAT is as defined by the standards-gem and equal 55deg F and 60degF.  
    A user agrument for entering degF values is presented in the measure arguments for testing purposes, the worfklow will retain
    the default settings
    2) 
    </modeler_description>
  <arguments>
    <argument>
      <name>simultaneous_heatandcool</name>
      <display_name>Apply a simultaneous heating and cooling fault?</display_name>
      <description>This will lower the discharge MAT to drive more cooling and heating</description>
      <type>Boolean</type>
      <required>true</required>
      <model_dependent>false</model_dependent>
      <choices>
        <choice>
          <value>true</value>
          <display_name>true</display_name>
        </choice>
        <choice>
          <value>false</value>
          <display_name>false</display_name>
        </choice>
      </choices>
    </argument>
    <argument>
      <name>spmngr_warmest_min_sp_temp</name>
      <display_name>Enter a min temp setpoint for this SetpointManager:Warmest</display_name>
      <description>Assumes that the standards-gem sets this at 55 degF.  This measures defaults to 50 degF to drive simultaneous heating and cooling</description>
      <type>Double</type>
      <required>true</required>
      <model_dependent>false</model_dependent>
      <default_value>50</default_value>
    </argument>
    <argument>
      <name>spmngr_warmest_max_sp_temp</name>
      <display_name>Enter a min temp setpoint for this SetpointManager:Warmest</display_name>
      <description>Assumes that the standards-gem sets this at 60 degF.  This measures defaults to 55 degF to drive simultaneous heating and cooling</description>
      <type>Double</type>
      <required>true</required>
      <model_dependent>false</model_dependent>
      <default_value>55</default_value>
    </argument>
  </arguments>
  <outputs />
  <provenances />
  <tags>
    <tag>HVAC.Whole System</tag>
  </tags>
  <attributes>
    <attribute>
      <name>Measure Type</name>
      <value>ModelMeasure</value>
      <datatype>string</datatype>
    </attribute>
    <attribute>
      <name>Intended Software Tool</name>
      <value>Apply Measure Now</value>
      <datatype>string</datatype>
    </attribute>
    <attribute>
      <name>Intended Software Tool</name>
      <value>OpenStudio Application</value>
      <datatype>string</datatype>
    </attribute>
    <attribute>
      <name>Intended Software Tool</name>
      <value>Parametric Analysis Tool</value>
      <datatype>string</datatype>
    </attribute>
    <attribute>
      <name>Intended Use Case</name>
      <value>Model Articulation</value>
      <datatype>string</datatype>
    </attribute>
    <attribute>
      <name>Intended Use Case</name>
      <value>Calibration</value>
      <datatype>string</datatype>
    </attribute>
    <attribute>
      <name>Intended Use Case</name>
      <value>Sensitivity Analysis</value>
      <datatype>string</datatype>
    </attribute>
  </attributes>
  <files>
    <file>
      <filename>LICENSE.md</filename>
      <filetype>md</filetype>
      <usage_type>license</usage_type>
      <checksum>CD7F5672</checksum>
    </file>
    <file>
      <filename>README.md.erb</filename>
      <filetype>erb</filetype>
      <usage_type>readmeerb</usage_type>
      <checksum>F1C26127</checksum>
    </file>
    <file>
      <filename>apply_simultaneous_heatingandcooling_fault_test.rb</filename>
      <filetype>rb</filetype>
      <usage_type>test</usage_type>
      <checksum>7ECF6356</checksum>
    </file>
    <file>
      <filename>example_model.osm</filename>
      <filetype>osm</filetype>
      <usage_type>test</usage_type>
      <checksum>53D14E69</checksum>
    </file>
    <file>
      <version>
        <software_program>OpenStudio</software_program>
        <identifier>3.3.0</identifier>
        <min_compatible>3.3.0</min_compatible>
      </version>
      <filename>measure.rb</filename>
      <filetype>rb</filetype>
      <usage_type>script</usage_type>
      <checksum>03C4B940</checksum>
    </file>
    <file>
      <filename>README.md</filename>
      <filetype>md</filetype>
      <usage_type>readme</usage_type>
      <checksum>87C26C0E</checksum>
    </file>
  </files>
</measure>
