<measure>
  <schema_version>3.0</schema_version>
  <name>gh_articulate_ventilation_object</name>
  <uid>c1f19143-4026-42d5-870b-4b964890cb8e</uid>
  <version_id>053e272c-3e2a-49b3-af92-0881a95ab5dd</version_id>
  <version_modified>20200618T171734Z</version_modified>
  <xml_checksum>26DDAE64</xml_checksum>
  <class_name>GHArticulateVentilationObject</class_name>
  <display_name>GH_ArticulateVentilationObject</display_name>
  <description>This measure is used to approximate an Ventilatoin controller beating a human controller on the deadband width of closing ventilation openings</description>
  <modeler_description>Looks at the OS:ZoneVentilation:DesignFlowRate object and changes the Minimum temperatures (indoor and outdoor) to lower if done manually and higher if done automatically.... IE a broader deadband on closed versus open.</modeler_description>
  <arguments>
    <argument>
      <name>controller_incl</name>
      <display_name>Ventilation/Heating Automatic Controls present?</display_name>
      <type>Choice</type>
      <required>true</required>
      <model_dependent>false</model_dependent>
      <default_value>Yes</default_value>
      <choices>
        <choice>
          <value>Yes</value>
          <display_name>Yes</display_name>
        </choice>
        <choice>
          <value>No</value>
          <display_name>No</display_name>
        </choice>
      </choices>
    </argument>
    <argument>
      <name>heating_adjustment</name>
      <display_name>Degrees Fahrenheit to Adjust heating Setpoint By</display_name>
      <type>Double</type>
      <required>true</required>
      <model_dependent>false</model_dependent>
      <default_value>60</default_value>
    </argument>
    <argument>
      <name>ventilation_ach</name>
      <display_name>Amount of Airchange from ventilation system</display_name>
      <type>Double</type>
      <required>true</required>
      <model_dependent>false</model_dependent>
      <default_value>13</default_value>
    </argument>
  </arguments>
  <outputs/>
  <provenances/>
  <tags>
    <tag>HVAC.Ventilation</tag>
  </tags>
  <attributes>
    <attribute>
      <name>Measure Type</name>
      <value>ModelMeasure</value>
      <datatype>string</datatype>
    </attribute>
    <attribute>
      <name>Intended Software Tool</name>
      <value>Apply Measure Now</value>
      <datatype>string</datatype>
    </attribute>
    <attribute>
      <name>Intended Software Tool</name>
      <value>OpenStudio Application</value>
      <datatype>string</datatype>
    </attribute>
    <attribute>
      <name>Intended Software Tool</name>
      <value>Parametric Analysis Tool</value>
      <datatype>string</datatype>
    </attribute>
    <attribute>
      <name>Intended Use Case</name>
      <value>Model Articulation</value>
      <datatype>string</datatype>
    </attribute>
  </attributes>
  <files>
    <file>
      <filename>LICENSE.md</filename>
      <filetype>md</filetype>
      <usage_type>license</usage_type>
      <checksum>CD7F5672</checksum>
    </file>
    <file>
      <filename>README.md.erb</filename>
      <filetype>erb</filetype>
      <usage_type>readmeerb</usage_type>
      <checksum>703C9964</checksum>
    </file>
    <file>
      <filename>gh_articulate_ventilation_object_test.rb</filename>
      <filetype>rb</filetype>
      <usage_type>test</usage_type>
      <checksum>A1835444</checksum>
    </file>
    <file>
      <filename>example_model.osm</filename>
      <filetype>osm</filetype>
      <usage_type>test</usage_type>
      <checksum>53D14E69</checksum>
    </file>
    <file>
      <version>
        <software_program>OpenStudio</software_program>
        <identifier>2.9.0</identifier>
        <min_compatible>2.9.0</min_compatible>
      </version>
      <filename>measure.rb</filename>
      <filetype>rb</filetype>
      <usage_type>script</usage_type>
      <checksum>8435F366</checksum>
    </file>
    <file>
      <filename>README.md</filename>
      <filetype>md</filetype>
      <usage_type>readme</usage_type>
      <checksum>8FAF357B</checksum>
    </file>
  </files>
</measure>
