<?xml version="1.0"?>
<measure>
  <schema_version>3.0</schema_version>
  <name>alter_simulation_settings_candidate_model</name>
  <uid>62955cbd-578d-4f92-b552-37551dacff27</uid>
  <version_id>f5268823-038e-4ebf-80d1-7359f4bf12e8</version_id>
  <version_modified>20220913T160008Z</version_modified>
  <xml_checksum>59C2BE35</xml_checksum>
  <class_name>AlterSimulationSettingsCandidateModel</class_name>
  <display_name>A11_Alter_Simulation_Settings_Candidate_Model</display_name>
  <description>lorum</description>
  <modeler_description>ipsum</modeler_description>
  <arguments />
  <outputs />
  <provenances />
  <tags>
    <tag>Reporting.QAQC</tag>
  </tags>
  <attributes>
    <attribute>
      <name>Measure Type</name>
      <value>ModelMeasure</value>
      <datatype>string</datatype>
    </attribute>
    <attribute>
      <name>Intended Software Tool</name>
      <value>Apply Measure Now</value>
      <datatype>string</datatype>
    </attribute>
    <attribute>
      <name>Intended Software Tool</name>
      <value>OpenStudio Application</value>
      <datatype>string</datatype>
    </attribute>
    <attribute>
      <name>Intended Software Tool</name>
      <value>Parametric Analysis Tool</value>
      <datatype>string</datatype>
    </attribute>
  </attributes>
  <files>
    <file>
      <filename>alter_simulation_settings_candidate_model_test.rb</filename>
      <filetype>rb</filetype>
      <usage_type>test</usage_type>
      <checksum>2328B10F</checksum>
    </file>
    <file>
      <filename>example_model.osm</filename>
      <filetype>osm</filetype>
      <usage_type>test</usage_type>
      <checksum>53D14E69</checksum>
    </file>
    <file>
      <version>
        <software_program>OpenStudio</software_program>
        <identifier>2.2.0</identifier>
        <min_compatible>2.2.0</min_compatible>
      </version>
      <filename>measure.rb</filename>
      <filetype>rb</filetype>
      <usage_type>script</usage_type>
      <checksum>3F9F8B6B</checksum>
    </file>
  </files>
</measure>
