<measure>
  <schema_version>3.0</schema_version>
  <name>cea_indoor_add_watering</name>
  <uid>6d396060-cb6c-44a3-9108-5ec37483654c</uid>
  <version_id>2cbe820a-944e-4104-8dd9-5b7d14c85984</version_id>
  <version_modified>20210721T174453Z</version_modified>
  <xml_checksum>A317E1C9</xml_checksum>
  <class_name>CeaIndoorAddWatering</class_name>
  <display_name>cea_indoor_add_watering</display_name>
  <description>Represents a horticultural watering rate added to the Cultivation Space</description>
  <modeler_description>add Wateruse:Equipment:Definition, WaterUse:Equpiment, Schedule:Ruleset (plus days), Target Temp Schedule, Sensible Fraction Schedule, Latent Fraction Schedules, </modeler_description>
  <arguments>
    <argument>
      <name>veg_space</name>
      <display_name>Choose a veg space</display_name>
      <type>Choice</type>
      <required>true</required>
      <model_dependent>false</model_dependent>
    </argument>
    <argument>
      <name>flower_space</name>
      <display_name>Choose a flower space</display_name>
      <type>Choice</type>
      <required>true</required>
      <model_dependent>false</model_dependent>
    </argument>
    <argument>
      <name>veg_size_sqft</name>
      <display_name>veg room Size [sqft]</display_name>
      <type>Double</type>
      <required>true</required>
      <model_dependent>false</model_dependent>
      <default_value>1600</default_value>
    </argument>
    <argument>
      <name>flower_size_sqft</name>
      <display_name>flower room Size [sqft]</display_name>
      <type>Double</type>
      <required>true</required>
      <model_dependent>false</model_dependent>
      <default_value>1600</default_value>
    </argument>
    <argument>
      <name>veg_gph</name>
      <display_name>Veg Watering Rate</display_name>
      <type>Double</type>
      <required>true</required>
      <model_dependent>false</model_dependent>
      <default_value>0</default_value>
    </argument>
    <argument>
      <name>flower_gph</name>
      <display_name>Flower Watering Rate</display_name>
      <type>Double</type>
      <required>true</required>
      <model_dependent>false</model_dependent>
      <default_value>0</default_value>
    </argument>
    <argument>
      <name>horticulture_watering_schedule</name>
      <display_name>Choose the Watering Schedule</display_name>
      <type>Choice</type>
      <required>true</required>
      <model_dependent>false</model_dependent>
    </argument>
    <argument>
      <name>horticulture_watering_temperature_schedule</name>
      <display_name>Choose the watering temperature schedule</display_name>
      <type>Choice</type>
      <required>true</required>
      <model_dependent>false</model_dependent>
    </argument>
    <argument>
      <name>horticulture_watering_fractionlatent_schedule</name>
      <display_name>choose the watering fraction latent schedule</display_name>
      <type>Choice</type>
      <required>true</required>
      <model_dependent>false</model_dependent>
    </argument>
    <argument>
      <name>horticulture_watering_fractionsensible_schedule</name>
      <display_name>choose the watering fraction sensible schedule</display_name>
      <type>Choice</type>
      <required>true</required>
      <model_dependent>false</model_dependent>
    </argument>
  </arguments>
  <outputs/>
  <provenances/>
  <tags>
    <tag>Whole Building.Space Types</tag>
  </tags>
  <attributes>
    <attribute>
      <name>Measure Type</name>
      <value>ModelMeasure</value>
      <datatype>string</datatype>
    </attribute>
    <attribute>
      <name>Intended Software Tool</name>
      <value>Apply Measure Now</value>
      <datatype>string</datatype>
    </attribute>
    <attribute>
      <name>Intended Software Tool</name>
      <value>OpenStudio Application</value>
      <datatype>string</datatype>
    </attribute>
    <attribute>
      <name>Intended Software Tool</name>
      <value>Parametric Analysis Tool</value>
      <datatype>string</datatype>
    </attribute>
    <attribute>
      <name>Intended Use Case</name>
      <value>Model Articulation</value>
      <datatype>string</datatype>
    </attribute>
    <attribute>
      <name>Intended Use Case</name>
      <value>Calibration</value>
      <datatype>string</datatype>
    </attribute>
    <attribute>
      <name>Intended Use Case</name>
      <value>Sensitivity Analysis</value>
      <datatype>string</datatype>
    </attribute>
    <attribute>
      <name>Intended Use Case</name>
      <value>New Construction EE</value>
      <datatype>string</datatype>
    </attribute>
  </attributes>
  <files>
    <file>
      <filename>LICENSE.md</filename>
      <filetype>md</filetype>
      <usage_type>license</usage_type>
      <checksum>CD7F5672</checksum>
    </file>
    <file>
      <filename>README.md.erb</filename>
      <filetype>erb</filetype>
      <usage_type>readmeerb</usage_type>
      <checksum>703C9964</checksum>
    </file>
    <file>
      <filename>.gitkeep</filename>
      <filetype>gitkeep</filetype>
      <usage_type>doc</usage_type>
      <checksum>00000000</checksum>
    </file>
    <file>
      <filename>cea_indoor_add_watering_test.rb</filename>
      <filetype>rb</filetype>
      <usage_type>test</usage_type>
      <checksum>169C39CC</checksum>
    </file>
    <file>
      <filename>example_model.osm</filename>
      <filetype>osm</filetype>
      <usage_type>test</usage_type>
      <checksum>53D14E69</checksum>
    </file>
    <file>
      <filename>README.md</filename>
      <filetype>md</filetype>
      <usage_type>readme</usage_type>
      <checksum>22281746</checksum>
    </file>
    <file>
      <version>
        <software_program>OpenStudio</software_program>
        <identifier>2.9.0</identifier>
        <min_compatible>2.9.0</min_compatible>
      </version>
      <filename>measure.rb</filename>
      <filetype>rb</filetype>
      <usage_type>script</usage_type>
      <checksum>297B1E93</checksum>
    </file>
  </files>
</measure>
