<?xml version="1.0"?>
<measure>
  <schema_version>3.0</schema_version>
  <error>Wrong arguments for overloaded method 'OSArgument.makeChoiceArgument'.
Possible C/C++ prototypes are:
    openstudio::measure::OSArgument OSArgument.makeChoiceArgument(std::string const &amp;name, std::vector&lt; std::string,std::allocator&lt; std::string &gt; &gt; const &amp;choices, bool required, bool modelDependent)
    openstudio::measure::OSArgument OSArgument.makeChoiceArgument(std::string const &amp;name, std::vector&lt; std::string,std::allocator&lt; std::string &gt; &gt; const &amp;choices, bool required)
    openstudio::measure::OSArgument OSArgument.makeChoiceArgument(std::string const &amp;name, std::vector&lt; std::string,std::allocator&lt; std::string &gt; &gt; const &amp;choices)
    openstudio::measure::OSArgument OSArgument.makeChoiceArgument(std::string const &amp;name, std::vector&lt; std::string,std::allocator&lt; std::string &gt; &gt; const &amp;choices, std::vector&lt; std::string,std::allocator&lt; std::string &gt; &gt; const &amp;displayNames, bool required, bool modelDependent)
    openstudio::measure::OSArgument OSArgument.makeChoiceArgument(std::string const &amp;name, std::vector&lt; std::string,std::allocator&lt; std::string &gt; &gt; const &amp;choices, std::vector&lt; std::string,std::allocator&lt; std::string &gt; &gt; const &amp;displayNames, bool required)
    openstudio::measure::OSArgument OSArgument.makeChoiceArgument(std::string const &amp;name, std::vector&lt; std::string,std::allocator&lt; std::string &gt; &gt; const &amp;choices, std::vector&lt; std::string,std::allocator&lt; std::string &gt; &gt; const &amp;displayNames)
</error>
  <name>grocery_custom_refrigerants</name>
  <uid>b1493075-ada9-4035-bdf8-10bc48de7eab</uid>
  <version_id>9fd60019-c0bb-4691-a3bb-80351b649441</version_id>
  <version_modified>20220913T160021Z</version_modified>
  <xml_checksum>0AB65F4C</xml_checksum>
  <class_name>GroceryCustomRefrigerants</class_name>
  <display_name>GroceryCustomRefrigerants</display_name>
  <description>This measure supports editing refrigeration system characteristics to support efficiency and GHG within the Grocery store market</description>
  <modeler_description>Select the Refrigeration:System name and edit CondenserFanSpeedControlType RatedFanPower MinimumCondensingTemperature RefrigerationSystemWorkingFluidType  and add a subcooler mechanical yes or no.

</modeler_description>
  <arguments>
    <argument>
      <name>lotemp_ref_fluid</name>
      <display_name>Low Temp Refrigerant Fluid</display_name>
      <description></description>
      <type>Choice</type>
      <units></units>
      <required>true</required>
      <model_dependent>false</model_dependent>
      <default_value>Default</default_value>
      <choices>
        <choice>
          <value>Default</value>
          <display_name>Default</display_name>
        </choice>
        <choice>
          <value>R22</value>
          <display_name>R22</display_name>
        </choice>
        <choice>
          <value>R407a</value>
          <display_name>R407a</display_name>
        </choice>
        <choice>
          <value>R507a</value>
          <display_name>R507a</display_name>
        </choice>
        <choice>
          <value>R404a</value>
          <display_name>R404a</display_name>
        </choice>
        <choice>
          <value>R448a</value>
          <display_name>R448a</display_name>
        </choice>
        <choice>
          <value>NH3</value>
          <display_name>NH3</display_name>
        </choice>
      </choices>
      <min_value></min_value>
      <max_value></max_value>
    </argument>
    <argument>
      <name>hitemp_ref_fluid</name>
      <display_name>Medium Temp Refrigerant Fluid</display_name>
      <description></description>
      <type>Choice</type>
      <units></units>
      <required>true</required>
      <model_dependent>false</model_dependent>
      <default_value></default_value>
      <choices>
        <choice>
          <value>Default</value>
          <display_name>Default</display_name>
        </choice>
        <choice>
          <value>R22</value>
          <display_name>R22</display_name>
        </choice>
        <choice>
          <value>R407a</value>
          <display_name>R407a</display_name>
        </choice>
        <choice>
          <value>R507a</value>
          <display_name>R507a</display_name>
        </choice>
        <choice>
          <value>R404a</value>
          <display_name>R404a</display_name>
        </choice>
        <choice>
          <value>R448a</value>
          <display_name>R448a</display_name>
        </choice>
        <choice>
          <value>NH3</value>
          <display_name>NH3</display_name>
        </choice>
      </choices>
      <min_value></min_value>
      <max_value></max_value>
    </argument>
  </arguments>
  <outputs />
  <provenances />
  <tags>
    <tag>Refrigeration.Refrigeration Controls</tag>
  </tags>
  <attributes>
    <attribute>
      <name>Measure Type</name>
      <value>EnergyPlusMeasure</value>
      <datatype>string</datatype>
    </attribute>
    <attribute>
      <name>Intended Software Tool</name>
      <value>Apply Measure Now</value>
      <datatype>string</datatype>
    </attribute>
    <attribute>
      <name>Intended Software Tool</name>
      <value>OpenStudio Application</value>
      <datatype>string</datatype>
    </attribute>
    <attribute>
      <name>Intended Software Tool</name>
      <value>Parametric Analysis Tool</value>
      <datatype>string</datatype>
    </attribute>
    <attribute>
      <name>Intended Use Case</name>
      <value>Model Articulation</value>
      <datatype>string</datatype>
    </attribute>
    <attribute>
      <name>Intended Use Case</name>
      <value>Calibration</value>
      <datatype>string</datatype>
    </attribute>
    <attribute>
      <name>Intended Use Case</name>
      <value>Sensitivity Analysis</value>
      <datatype>string</datatype>
    </attribute>
    <attribute>
      <name>Intended Use Case</name>
      <value>New Construction EE</value>
      <datatype>string</datatype>
    </attribute>
  </attributes>
  <files>
    <file>
      <filename>LICENSE.md</filename>
      <filetype>md</filetype>
      <usage_type>license</usage_type>
      <checksum>CD7F5672</checksum>
    </file>
    <file>
      <filename>README.md.erb</filename>
      <filetype>erb</filetype>
      <usage_type>readmeerb</usage_type>
      <checksum>F1C26127</checksum>
    </file>
    <file>
      <filename>.gitkeep</filename>
      <filetype>gitkeep</filetype>
      <usage_type>doc</usage_type>
      <checksum>00000000</checksum>
    </file>
    <file>
      <filename>grocery_refrigeration_edits_test.rb</filename>
      <filetype>rb</filetype>
      <usage_type>test</usage_type>
      <checksum>6FF13E3E</checksum>
    </file>
    <file>
      <filename>example_model.osm</filename>
      <filetype>osm</filetype>
      <usage_type>test</usage_type>
      <checksum>53D14E69</checksum>
    </file>
    <file>
      <filename>R290.idf</filename>
      <filetype>idf</filetype>
      <usage_type>resource</usage_type>
      <checksum>993F570D</checksum>
    </file>
    <file>
      <filename>R448a.idf</filename>
      <filetype>idf</filetype>
      <usage_type>resource</usage_type>
      <checksum>293F0935</checksum>
    </file>
    <file>
      <version>
        <software_program>OpenStudio</software_program>
        <identifier>3.2.0</identifier>
        <min_compatible>3.2.0</min_compatible>
      </version>
      <filename>measure.rb</filename>
      <filetype>rb</filetype>
      <usage_type>script</usage_type>
      <checksum>8C8CE880</checksum>
    </file>
    <file>
      <filename>README.md</filename>
      <filetype>md</filetype>
      <usage_type>readme</usage_type>
      <checksum>01DF739F</checksum>
    </file>
  </files>
</measure>
