<?xml version="1.0"?>
<measure>
  <schema_version>3.0</schema_version>
  <name>load_openstudio_model</name>
  <uid>8fc46459-52b3-4164-a4c4-39e2e0878814</uid>
  <version_id>613c9bd4-df71-49b1-ba64-bfd8b0eee8fe</version_id>
  <version_modified>20220913T160022Z</version_modified>
  <xml_checksum>784ED2EE</xml_checksum>
  <class_name>LoadOpenStudioModel</class_name>
  <display_name>Load OpenStudio Model</display_name>
  <description>This measure is intended to be used in place of a create DOE prototype when looking at different buildings. This is needed for difficult HVAC system swaps, or for developing specific prototypes - IE Vermont generalized - or Radiant floor 5zone etc</description>
  <modeler_description>Loads an OSM from within the measure resource folder.</modeler_description>
  <arguments>
    <argument>
      <name>osm_directory</name>
      <display_name>OSM File Directory</display_name>
      <description>Absolute (or relative) directory to model files.</description>
      <type>String</type>
      <required>true</required>
      <model_dependent>false</model_dependent>
      <default_value>./resources</default_value>
    </argument>
    <argument>
      <name>osm_file_name</name>
      <display_name>OSM File Name</display_name>
      <description>Name of the File including the .osm extention</description>
      <type>String</type>
      <required>true</required>
      <model_dependent>false</model_dependent>
      <default_value>ex. MyModel.osm</default_value>
    </argument>
  </arguments>
  <outputs />
  <provenances />
  <tags>
    <tag>Whole Building.Space Types</tag>
  </tags>
  <attributes>
    <attribute>
      <name>Measure Type</name>
      <value>ModelMeasure</value>
      <datatype>string</datatype>
    </attribute>
    <attribute>
      <name>Intended Software Tool</name>
      <value>Apply Measure Now</value>
      <datatype>string</datatype>
    </attribute>
    <attribute>
      <name>Intended Software Tool</name>
      <value>OpenStudio Application</value>
      <datatype>string</datatype>
    </attribute>
    <attribute>
      <name>Intended Software Tool</name>
      <value>Parametric Analysis Tool</value>
      <datatype>string</datatype>
    </attribute>
    <attribute>
      <name>Intended Use Case</name>
      <value>Model Articulation</value>
      <datatype>string</datatype>
    </attribute>
    <attribute>
      <name>Intended Use Case</name>
      <value>Calibration</value>
      <datatype>string</datatype>
    </attribute>
    <attribute>
      <name>Intended Use Case</name>
      <value>Sensitivity Analysis</value>
      <datatype>string</datatype>
    </attribute>
  </attributes>
  <files>
    <file>
      <filename>example_model.osm</filename>
      <filetype>osm</filetype>
      <usage_type>test</usage_type>
      <checksum>53D14E69</checksum>
    </file>
    <file>
      <filename>Small Hotel_Hotwater v251.osm</filename>
      <filetype>osm</filetype>
      <usage_type>resource</usage_type>
      <checksum>E62FF138</checksum>
    </file>
    <file>
      <filename>load_openstudio_model_test.rb</filename>
      <filetype>rb</filetype>
      <usage_type>test</usage_type>
      <checksum>2241699D</checksum>
    </file>
    <file>
      <filename>Medium Office_Hotwater v251.osm</filename>
      <filetype>osm</filetype>
      <usage_type>resource</usage_type>
      <checksum>02D50E16</checksum>
    </file>
    <file>
      <filename>MF Prototype_90.1-2010.osm</filename>
      <filetype>osm</filetype>
      <usage_type>resource</usage_type>
      <checksum>7D2394D4</checksum>
    </file>
    <file>
      <filename>MF Prototype_90.1-2010_DOE_0_5.osm</filename>
      <filetype>osm</filetype>
      <usage_type>resource</usage_type>
      <checksum>E25215B6</checksum>
    </file>
    <file>
      <filename>MF Prototype_90.1-2010_NIST_0_5.osm</filename>
      <filetype>osm</filetype>
      <usage_type>resource</usage_type>
      <checksum>0AD4D347</checksum>
    </file>
    <file>
      <filename>Midrise Apartment v251.osm</filename>
      <filetype>osm</filetype>
      <usage_type>resource</usage_type>
      <checksum>A4D9A68F</checksum>
    </file>
    <file>
      <filename>Retails Standalone v251.osm</filename>
      <filetype>osm</filetype>
      <usage_type>resource</usage_type>
      <checksum>5E72FF61</checksum>
    </file>
    <file>
      <filename>Small Office v251.osm</filename>
      <filetype>osm</filetype>
      <usage_type>resource</usage_type>
      <checksum>DD8517C3</checksum>
    </file>
    <file>
      <version>
        <software_program>OpenStudio</software_program>
        <identifier>2.3.0</identifier>
        <min_compatible>2.3.0</min_compatible>
      </version>
      <filename>measure.rb</filename>
      <filetype>rb</filetype>
      <usage_type>script</usage_type>
      <checksum>F7032E32</checksum>
    </file>
    <file>
      <filename>Model_Gable.osm</filename>
      <filetype>osm</filetype>
      <usage_type>resource</usage_type>
      <checksum>3A746E35</checksum>
    </file>
    <file>
      <filename>Model_HoopHouse.osm</filename>
      <filetype>osm</filetype>
      <usage_type>resource</usage_type>
      <checksum>078071B7</checksum>
    </file>
  </files>
</measure>
