<?xml version="1.0"?>
<measure>
  <schema_version>3.0</schema_version>
  <name>create_and_assign_thermal_zones_for_unassigned_spaces</name>
  <uid>ddaa752e-5d40-49b2-88de-62e71697e614</uid>
  <version_id>e04b7726-cf35-4a49-90d4-0fefc662349d</version_id>
  <version_modified>20210423T142528Z</version_modified>
  <xml_checksum>2AF3A68E</xml_checksum>
  <class_name>CreateAndAssignThermalZonesForUnassignedSpaces</class_name>
  <display_name>Create and Assign Thermal Zones for Unassigned Spaces</display_name>
  <description>If any spaces are not part of a thermal zone, then this measure will create a new thermal zone and assign it to the space.</description>
  <modeler_description>Thermal zones will be named after the spac with a prefix added</modeler_description>
  <arguments />
  <outputs />
  <provenances />
  <tags>
    <tag>Envelope.Form</tag>
  </tags>
  <attributes>
    <attribute>
      <name>Measure Type</name>
      <value>ModelMeasure</value>
      <datatype>string</datatype>
    </attribute>
    <attribute>
      <name>Intended Software Tool</name>
      <value>Apply Measure Now</value>
      <datatype>string</datatype>
    </attribute>
    <attribute>
      <name>Intended Software Tool</name>
      <value>OpenStudio Application</value>
      <datatype>string</datatype>
    </attribute>
    <attribute>
      <name>Intended Software Tool</name>
      <value>Parametric Analysis Tool</value>
      <datatype>string</datatype>
    </attribute>
  </attributes>
  <files>
    <file>
      <filename>example_model.osm</filename>
      <filetype>osm</filetype>
      <usage_type>test</usage_type>
      <checksum>53D14E69</checksum>
    </file>
    <file>
      <filename>README.md</filename>
      <filetype>md</filetype>
      <usage_type>readme</usage_type>
      <checksum>DFA4ED1B</checksum>
    </file>
    <file>
      <filename>README.md.erb</filename>
      <filetype>erb</filetype>
      <usage_type>readmeerb</usage_type>
      <checksum>703C9964</checksum>
    </file>
    <file>
      <version>
        <software_program>OpenStudio</software_program>
        <identifier>2.3.0</identifier>
        <min_compatible>2.3.0</min_compatible>
      </version>
      <filename>measure.rb</filename>
      <filetype>rb</filetype>
      <usage_type>script</usage_type>
      <checksum>1DA0867E</checksum>
    </file>
    <file>
      <filename>LICENSE.md</filename>
      <filetype>md</filetype>
      <usage_type>license</usage_type>
      <checksum>A21A3ED2</checksum>
    </file>
    <file>
      <filename>create_and_assign_thermal_zones_for_unassigned_spaces_test.rb</filename>
      <filetype>rb</filetype>
      <usage_type>test</usage_type>
      <checksum>CEA966EB</checksum>
    </file>
  </files>
</measure>
