{ "data": [
    {
        "accounts": 1,
        "from": "2011-12-05T00:00:00Z",
        "peak": 0,
        "to": "2012-01-06T00:00:00Z",
        "tot_therms": 1
    },
    {
        "accounts": 1,
        "from": "2012-01-06T00:00:00Z",
        "peak": 0,
        "to": "2012-02-02T00:00:00Z",
        "tot_therms": 2
    },
    {
        "accounts": 1,
        "from": "2012-02-02T00:00:00Z",
        "peak": 0,
        "to": "2012-03-05T00:00:00Z",
        "tot_therms": 3
    },
    {
        "accounts": 1,
        "from": "2012-03-05T00:00:00Z",
        "peak": 0,
        "to": "2012-04-02T00:00:00Z",
        "tot_therms": 2
    },
    {
        "accounts": 1,
        "from": "2012-04-02T00:00:00Z",
        "peak": 0,
        "to": "2012-05-02T00:00:00Z",
        "tot_therms": 3
    },
    {
        "accounts": 1,
        "from": "2012-05-02T00:00:00Z",
        "peak": 0,
        "to": "2012-06-04T00:00:00Z",
        "tot_therms": 2
    },
    {
        "accounts": 1,
        "from": "2012-06-04T00:00:00Z",
        "peak": 0,
        "to": "2012-07-02T00:00:00Z",
        "tot_therms": 3
    },
    {
        "accounts": 1,
        "from": "2012-07-02T00:00:00Z",
        "peak": 0,
        "to": "2012-08-02T00:00:00Z",
        "tot_therms": 2
    },
    {
        "accounts": 1,
        "from": "2012-08-02T00:00:00Z",
        "peak": 0,
        "to": "2012-09-05T00:00:00Z",
        "tot_therms": 3
    },
    {
        "accounts": 1,
        "from": "2012-09-05T00:00:00Z",
        "peak": 0,
        "to": "2012-10-02T00:00:00Z",
        "tot_therms": 2
    },
    {
        "accounts": 1,
        "from": "2012-10-02T00:00:00Z",
        "peak": 0,
        "to": "2012-11-05T00:00:00Z",
        "tot_therms": 3
    },
    {
        "accounts": 1,
        "from": "2012-11-05T00:00:00Z",
        "peak": 0,
        "to": "2012-12-04T00:00:00Z",
        "tot_therms": 3
    },
    {
        "accounts": 1,
        "from": "2012-12-04T00:00:00Z",
        "peak": 0,
        "to": "2013-01-03T00:00:00Z",
        "tot_therms": 3
    },
    {
        "accounts": 1,
        "from": "2013-01-03T00:00:00Z",
        "peak": 0,
        "to": "2013-02-01T00:00:00Z",
        "tot_therms": 2
    },
    {
        "accounts": 1,
        "from": "2013-02-01T00:00:00Z",
        "peak": 0,
        "to": "2013-03-04T00:00:00Z",
        "tot_therms": 3
    },
    {
        "accounts": 1,
        "from": "2013-03-04T00:00:00Z",
        "peak": 0,
        "to": "2013-04-02T00:00:00Z",
        "tot_therms": 4
    },
    {
        "accounts": 1,
        "from": "2013-04-02T00:00:00Z",
        "peak": 0,
        "to": "2013-05-03T00:00:00Z",
        "tot_therms": 3
    },
    {
        "accounts": 1,
        "from": "2013-05-03T00:00:00Z",
        "peak": 0,
        "to": "2013-06-04T00:00:00Z",
        "tot_therms": 2
    },
    {
        "accounts": 1,
        "from": "2013-06-04T00:00:00Z",
        "peak": 0,
        "to": "2013-07-02T00:00:00Z",
        "tot_therms": 3
    },
    {
        "accounts": 1,
        "from": "2013-07-02T00:00:00Z",
        "peak": 0,
        "to": "2013-08-02T00:00:00Z",
        "tot_therms": 2
    },
    {
        "accounts": 1,
        "from": "2013-08-02T00:00:00Z",
        "peak": 0,
        "to": "2013-09-05T00:00:00Z",
        "tot_therms": 3
    },
    {
        "accounts": 1,
        "from": "2013-09-05T00:00:00Z",
        "peak": 0,
        "to": "2013-10-03T00:00:00Z",
        "tot_therms": 2
    },
    {
        "accounts": 1,
        "from": "2013-10-03T00:00:00Z",
        "peak": 0,
        "to": "2013-10-31T00:00:00Z",
        "tot_therms": 3
    },
    {
        "accounts": 1,
        "from": "2013-10-31T00:00:00Z",
        "peak": 0,
        "to": "2013-12-03T00:00:00Z",
        "tot_therms": 4
    },
    {
        "accounts": 1,
        "from": "2013-12-03T00:00:00Z",
        "peak": 0,
        "to": "2014-01-06T00:00:00Z",
        "tot_therms": 3
    },
    {
        "accounts": 1,
        "from": "2014-01-06T00:00:00Z",
        "peak": 0,
        "to": "2014-02-03T00:00:00Z",
        "tot_therms": 3
    },
    {
        "accounts": 1,
        "from": "2014-02-03T00:00:00Z",
        "peak": 0,
        "to": "2014-03-04T00:00:00Z",
        "tot_therms": 3
    },
    {
        "accounts": 1,
        "from": "2014-03-04T00:00:00Z",
        "peak": 0,
        "to": "2014-04-02T00:00:00Z",
        "tot_therms": 3
    }
] }