<?xml version="1.0"?>
<measure>
  <schema_version>3.0</schema_version>
  <name>cea_set_culitvation_lpd</name>
  <uid>73a7de19-572e-407d-92b4-03ce1291e13e</uid>
  <version_id>14a73064-7734-4472-bc71-0c2a791edc2f</version_id>
  <version_modified>20211021T153615Z</version_modified>
  <xml_checksum>0EDB65FA</xml_checksum>
  <class_name>CeaSetCulitvationLpd</class_name>
  <display_name>cea_set_culitvation_lpd</display_name>
  <description>Set the lighting power density (W/ft^2) in the to a specified value for the space named cultivation</description>
  <modeler_description>Adjusts the default space type LPDs that are set upstream by create typical and overlays a cultivation specific LPD in only the cultivation space.</modeler_description>
  <arguments>
    <argument>
      <name>veg_space</name>
      <display_name>Choose a veg space</display_name>
      <type>Choice</type>
      <required>true</required>
      <model_dependent>false</model_dependent>
    </argument>
    <argument>
      <name>flower_space</name>
      <display_name>Choose a flower space</display_name>
      <type>Choice</type>
      <required>true</required>
      <model_dependent>false</model_dependent>
    </argument>
    <argument>
      <name>veg_lpd</name>
      <display_name>Veg Lighting Power Density (W/ft^2)</display_name>
      <type>Double</type>
      <required>true</required>
      <model_dependent>false</model_dependent>
      <default_value>1</default_value>
    </argument>
    <argument>
      <name>flower_lpd</name>
      <display_name>Flower Lighting Power Density (W/ft^2)</display_name>
      <type>Double</type>
      <required>true</required>
      <model_dependent>false</model_dependent>
      <default_value>1</default_value>
    </argument>
    <argument>
      <name>veg_lighting_schedule</name>
      <display_name>Choose the Vegetative Cycle Lighting Schedule</display_name>
      <type>Choice</type>
      <required>true</required>
      <model_dependent>false</model_dependent>
    </argument>
    <argument>
      <name>flower_lighting_schedule</name>
      <display_name>Choose the Flower Cylce Lighting Schedule</display_name>
      <type>Choice</type>
      <required>true</required>
      <model_dependent>false</model_dependent>
    </argument>
  </arguments>
  <outputs />
  <provenances />
  <tags>
    <tag>Electric Lighting.Lighting Equipment</tag>
  </tags>
  <attributes>
    <attribute>
      <name>Measure Function</name>
      <value>Measure</value>
      <datatype>string</datatype>
    </attribute>
    <attribute>
      <name>Requires EnergyPlus Results</name>
      <value>false</value>
      <datatype>boolean</datatype>
    </attribute>
    <attribute>
      <name>Uses SketchUp API</name>
      <value>false</value>
      <datatype>boolean</datatype>
    </attribute>
    <attribute>
      <name>Measure Type</name>
      <value>ModelMeasure</value>
      <datatype>string</datatype>
    </attribute>
    <attribute>
      <name>Intended Software Tool</name>
      <value>Apply Measure Now</value>
      <datatype>string</datatype>
    </attribute>
    <attribute>
      <name>Intended Software Tool</name>
      <value>OpenStudio Application</value>
      <datatype>string</datatype>
    </attribute>
    <attribute>
      <name>Intended Software Tool</name>
      <value>Parametric Analysis Tool</value>
      <datatype>string</datatype>
    </attribute>
    <attribute>
      <name>Intended Software Tool</name>
      <value>Analysis Spreadsheet</value>
      <datatype>string</datatype>
    </attribute>
    <attribute>
      <name>Intended Use Case</name>
      <value>Model Articulation</value>
      <datatype>string</datatype>
    </attribute>
    <attribute>
      <name>Intended Use Case</name>
      <value>Calibration</value>
      <datatype>string</datatype>
    </attribute>
    <attribute>
      <name>Intended Use Case</name>
      <value>Sensitivity Analysis</value>
      <datatype>string</datatype>
    </attribute>
  </attributes>
  <files>
    <file>
      <filename>EnvelopeAndLoadTestModel_01.osm</filename>
      <filetype>osm</filetype>
      <usage_type>test</usage_type>
      <checksum>10AA8866</checksum>
    </file>
    <file>
      <filename>EnvelopeAndLoadTestModel_01_Costed.osm</filename>
      <filetype>osm</filetype>
      <usage_type>test</usage_type>
      <checksum>E025B7B3</checksum>
    </file>
    <file>
      <filename>LICENSE.md</filename>
      <filetype>md</filetype>
      <usage_type>license</usage_type>
      <checksum>9640B6CB</checksum>
    </file>
    <file>
      <filename>HasSpaceWithNoLightsOrElec.osm</filename>
      <filetype>osm</filetype>
      <usage_type>test</usage_type>
      <checksum>ECE1D347</checksum>
    </file>
    <file>
      <filename>README.md.erb</filename>
      <filetype>erb</filetype>
      <usage_type>readmeerb</usage_type>
      <checksum>232D0477</checksum>
    </file>
    <file>
      <filename>ReplaceLightsWithLPD_01_Test.rb</filename>
      <filetype>rb</filetype>
      <usage_type>test</usage_type>
      <checksum>C78520B2</checksum>
    </file>
    <file>
      <filename>README.md</filename>
      <filetype>md</filetype>
      <usage_type>readme</usage_type>
      <checksum>1D0EBD40</checksum>
    </file>
    <file>
      <version>
        <software_program>OpenStudio</software_program>
        <identifier>2.0.0</identifier>
        <min_compatible>2.0.0</min_compatible>
      </version>
      <filename>measure.rb</filename>
      <filetype>rb</filetype>
      <usage_type>script</usage_type>
      <checksum>B3CF2502</checksum>
    </file>
  </files>
</measure>
