<?xml version="1.0"?>
<measure>
  <schema_version>3.0</schema_version>
  <name>controls_hwst_reset</name>
  <uid>e61de1d5-fc20-49a5-b104-f390cd96d625</uid>
  <version_id>4437d62b-bd1e-4aab-9023-52e0f47ba91a</version_id>
  <version_modified>20220805T210603Z</version_modified>
  <xml_checksum>4A421510</xml_checksum>
  <class_name>ControlsHWSTReset</class_name>
  <display_name>Controls_HWSTReset</display_name>
  <description>This energy efficiency measure (EEM) adds a set point reset to all hot water loops present in the OpenStudio model. The hot water supply temperature reset will be based on outdoor-air temperature (OAT). The specific sequence is that as outdoor-air temperature (OAT) lowers from 60F (15.6C) down to 20F (-6.67C), the hot water supply temperature set point will increase from 160F (71.1C) up to 180F (82.2C).  This sequence provides a 20F (11.1C) change in the Hot Water Set Point, over a 40F (22.2C) temperature change in the OAT. This sequence assumes all boilers serving the hot water plant loops are non-condensing and should not receive return water below 140F (60.0C).</description>
  <modeler_description>This EEM applies an OS:SetpointMsanager:OutdoorAirReset controller to the supply outlet node of all PlantLoop objects where OS:Sizing:Plant.LoopType = 'Heating'.
</modeler_description>
  <arguments>
    <argument>
      <name>run_measure_hwstr</name>
      <display_name>Run Measure</display_name>
      <type>Boolean</type>
      <required>true</required>
      <model_dependent>false</model_dependent>
      <default_value>true</default_value>
      <choices>
        <choice>
          <value>true</value>
          <display_name>true</display_name>
        </choice>
        <choice>
          <value>false</value>
          <display_name>false</display_name>
        </choice>
      </choices>
    </argument>
  </arguments>
  <outputs />
  <provenances />
  <tags>
    <tag>HVAC.HVAC Controls</tag>
  </tags>
  <attributes>
    <attribute>
      <name>Intended Software Tool</name>
      <value>Apply Measure Now</value>
      <datatype>string</datatype>
    </attribute>
    <attribute>
      <name>Intended Software Tool</name>
      <value>OpenStudio Application</value>
      <datatype>string</datatype>
    </attribute>
    <attribute>
      <name>Intended Software Tool</name>
      <value>Parametric Analysis Tool</value>
      <datatype>string</datatype>
    </attribute>
    <attribute>
      <name>Measure Type</name>
      <value>ModelMeasure</value>
      <datatype>string</datatype>
    </attribute>
    <attribute>
      <name>Intended Software Tool</name>
      <value>Apply Measure Now</value>
      <datatype>string</datatype>
    </attribute>
    <attribute>
      <name>Intended Software Tool</name>
      <value>OpenStudio Application</value>
      <datatype>string</datatype>
    </attribute>
    <attribute>
      <name>Intended Software Tool</name>
      <value>Parametric Analysis Tool</value>
      <datatype>string</datatype>
    </attribute>
  </attributes>
  <files>
    <file>
      <filename>example_model.osm</filename>
      <filetype>osm</filetype>
      <usage_type>test</usage_type>
      <checksum>C4F35230</checksum>
    </file>
    <file>
      <filename>LargeHotel-90.1-2010-ASHRAE 169-2006-3B.osm</filename>
      <filetype>osm</filetype>
      <usage_type>test</usage_type>
      <checksum>CFE0DEB4</checksum>
    </file>
    <file>
      <filename>LargeOffice-90.1-2010-ASHRAE 169-2006-5A.osm</filename>
      <filetype>osm</filetype>
      <usage_type>test</usage_type>
      <checksum>5A53A838</checksum>
    </file>
    <file>
      <filename>MediumOffice-90.1-2010-ASHRAE 169-2006-5A.osm</filename>
      <filetype>osm</filetype>
      <usage_type>test</usage_type>
      <checksum>E3745F63</checksum>
    </file>
    <file>
      <filename>PrimarySchool-90.1-2007-ASHRAE 169-2006-2A.osm</filename>
      <filetype>osm</filetype>
      <usage_type>test</usage_type>
      <checksum>D3B6A1A2</checksum>
    </file>
    <file>
      <filename>SecondarySchool-90.1-2010-ASHRAE 169-2006-4A.osm</filename>
      <filetype>osm</filetype>
      <usage_type>test</usage_type>
      <checksum>C4911AB4</checksum>
    </file>
    <file>
      <filename>SmallHotel-90.1-2010-ASHRAE 169-2006-3B.osm</filename>
      <filetype>osm</filetype>
      <usage_type>test</usage_type>
      <checksum>5CB9DAB8</checksum>
    </file>
    <file>
      <filename>SmallOffice-90.1-2010-ASHRAE 169-2006-2A.osm</filename>
      <filetype>osm</filetype>
      <usage_type>test</usage_type>
      <checksum>9412D202</checksum>
    </file>
    <file>
      <filename>controls_hwst_reset_test.rb</filename>
      <filetype>rb</filetype>
      <usage_type>test</usage_type>
      <checksum>141DE565</checksum>
    </file>
    <file>
      <version>
        <software_program>OpenStudio</software_program>
        <identifier>1.8.5</identifier>
        <min_compatible>1.8.5</min_compatible>
      </version>
      <filename>measure.rb</filename>
      <filetype>rb</filetype>
      <usage_type>script</usage_type>
      <checksum>04702B76</checksum>
    </file>
  </files>
</measure>
