<?xml version="1.0"?>
<measure>
  <schema_version>3.0</schema_version>
  <name>controls_hwpdp_reset</name>
  <uid>b6e2b092-0417-45be-a420-6c5e13d673c0</uid>
  <version_id>19ccc6e0-d3f1-40f6-a373-9521c7a97e02</version_id>
  <version_modified>20221118T193607Z</version_modified>
  <xml_checksum>1F3CF9CF</xml_checksum>
  <class_name>ControlsHWPDPReset</class_name>
  <display_name>Controls_HW P dP Reset</display_name>
  <description>This energy efficiency measure (EEM) configures all variable or constant speed pumps identified as secondary hot water loop pumps. Identified pumps are then either replaced (in the case of a constant speed pump) or reconfigured (in the case of a variable speed pump) to operate as a variable speed pump with an aggressive Part Load Performance Curve representing operation of a functional hot water pump differential pressure reset control with a wide range of deviation in zone valve positions. Energy savings will be generated by operating the secondary hot water pump motor for longer periods of time at lower energy consumptive levels.</description>
  <modeler_description>This measure identifies all OS constant or variable speed pump objects attached to the inlet side of the demand loop of a plant loop having both OS:Sizing:Plant Loop type = 'Heating' and OS:PlantLoop Common Pipe Simulation setting = 'CommonPipe',  indicating that a secondary hot water pump is present on the inlet side of the hot water demand loop. If the existing secondary hot water pump is an OS:Pump:ConstantSpeed object, it will be replaced with a new OS:PumpVariableSpeed object configured with the same Rated Flow Rate, Rated Pump Head, Rated Power Consumption, Motor Efficiency and Fraction of Motor Inefficiencies to Fluid Stream as the original pump and a Part Load Performance Curve will be added. If the existing secondary chilled water pump is an OS:PumpVariableSpeed object, a new Part Load Performance Curve will be added. If the Rated Flow Rate of the existing OS:Pump:ConstantSpeed or OS:Pump:VariableSpeed is specified, the Minimum Flow Rate of the modified pump will be set to a value representing 30 percent of the specified Rated Flow Rate. If the Rated Flow Rate of the OS:Pump:ConstantSpeed or OS:Pump:VariableSpeed is Autosized, a sizing run will be executed and the pump design gpm and rated power consumption are retrieved to accurately set the Minimum Flow Rate of the modified pump to a value representing 30 percent of the Autosized design flow rate.</modeler_description>
  <arguments>
    <argument>
      <name>run_measure_hwpdpr</name>
      <display_name>Run Measure</display_name>
      <type>Boolean</type>
      <required>true</required>
      <model_dependent>false</model_dependent>
      <default_value>true</default_value>
      <choices>
        <choice>
          <value>true</value>
          <display_name>true</display_name>
        </choice>
        <choice>
          <value>false</value>
          <display_name>false</display_name>
        </choice>
      </choices>
    </argument>
  </arguments>
  <outputs />
  <provenances />
  <tags>
    <tag>HVAC.HVAC Controls</tag>
  </tags>
  <attributes>
    <attribute>
      <name>Intended Software Tool</name>
      <value>Apply Measure Now</value>
      <datatype>string</datatype>
    </attribute>
    <attribute>
      <name>Intended Software Tool</name>
      <value>OpenStudio Application</value>
      <datatype>string</datatype>
    </attribute>
    <attribute>
      <name>Intended Software Tool</name>
      <value>Parametric Analysis Tool</value>
      <datatype>string</datatype>
    </attribute>
    <attribute>
      <name>Intended Software Tool</name>
      <value>Analysis Spreadsheet</value>
      <datatype>string</datatype>
    </attribute>
    <attribute>
      <name>Intended Use Case</name>
      <value>Model Articulation</value>
      <datatype>string</datatype>
    </attribute>
    <attribute>
      <name>Intended Use Case</name>
      <value>New Construction EE</value>
      <datatype>string</datatype>
    </attribute>
    <attribute>
      <name>Intended Use Case</name>
      <value>Retrofit EE</value>
      <datatype>string</datatype>
    </attribute>
    <attribute>
      <name>Intended Software Tool</name>
      <value>Apply Measure Now</value>
      <datatype>string</datatype>
    </attribute>
    <attribute>
      <name>Intended Software Tool</name>
      <value>OpenStudio Application</value>
      <datatype>string</datatype>
    </attribute>
    <attribute>
      <name>Intended Software Tool</name>
      <value>Parametric Analysis Tool</value>
      <datatype>string</datatype>
    </attribute>
    <attribute>
      <name>Intended Software Tool</name>
      <value>Analysis Spreadsheet</value>
      <datatype>string</datatype>
    </attribute>
    <attribute>
      <name>Intended Use Case</name>
      <value>Model Articulation</value>
      <datatype>string</datatype>
    </attribute>
    <attribute>
      <name>Intended Use Case</name>
      <value>New Construction EE</value>
      <datatype>string</datatype>
    </attribute>
    <attribute>
      <name>Intended Use Case</name>
      <value>Retrofit EE</value>
      <datatype>string</datatype>
    </attribute>
    <attribute>
      <name>Intended Software Tool</name>
      <value>Apply Measure Now</value>
      <datatype>string</datatype>
    </attribute>
    <attribute>
      <name>Intended Software Tool</name>
      <value>OpenStudio Application</value>
      <datatype>string</datatype>
    </attribute>
    <attribute>
      <name>Intended Software Tool</name>
      <value>Parametric Analysis Tool</value>
      <datatype>string</datatype>
    </attribute>
    <attribute>
      <name>Intended Software Tool</name>
      <value>Analysis Spreadsheet</value>
      <datatype>string</datatype>
    </attribute>
    <attribute>
      <name>Intended Use Case</name>
      <value>Model Articulation</value>
      <datatype>string</datatype>
    </attribute>
    <attribute>
      <name>Intended Use Case</name>
      <value>New Construction EE</value>
      <datatype>string</datatype>
    </attribute>
    <attribute>
      <name>Intended Use Case</name>
      <value>Retrofit EE</value>
      <datatype>string</datatype>
    </attribute>
    <attribute>
      <name>Measure Type</name>
      <value>ModelMeasure</value>
      <datatype>string</datatype>
    </attribute>
    <attribute>
      <name>Intended Software Tool</name>
      <value>Apply Measure Now</value>
      <datatype>string</datatype>
    </attribute>
    <attribute>
      <name>Intended Software Tool</name>
      <value>OpenStudio Application</value>
      <datatype>string</datatype>
    </attribute>
    <attribute>
      <name>Intended Software Tool</name>
      <value>Parametric Analysis Tool</value>
      <datatype>string</datatype>
    </attribute>
    <attribute>
      <name>Intended Software Tool</name>
      <value>Analysis Spreadsheet</value>
      <datatype>string</datatype>
    </attribute>
    <attribute>
      <name>Intended Use Case</name>
      <value>Model Articulation</value>
      <datatype>string</datatype>
    </attribute>
    <attribute>
      <name>Intended Use Case</name>
      <value>New Construction EE</value>
      <datatype>string</datatype>
    </attribute>
    <attribute>
      <name>Intended Use Case</name>
      <value>Retrofit EE</value>
      <datatype>string</datatype>
    </attribute>
  </attributes>
  <files>
    <file>
      <filename>example_model.osm</filename>
      <filetype>osm</filetype>
      <usage_type>test</usage_type>
      <checksum>C4F35230</checksum>
    </file>
    <file>
      <filename>HVACSizing.PumpConstantSpeed.rb</filename>
      <filetype>rb</filetype>
      <usage_type>resource</usage_type>
      <checksum>B6025585</checksum>
    </file>
    <file>
      <filename>HVACSizing.PumpVariableSpeed.rb</filename>
      <filetype>rb</filetype>
      <usage_type>resource</usage_type>
      <checksum>D417F182</checksum>
    </file>
    <file>
      <filename>HVACSizing.Model.rb</filename>
      <filetype>rb</filetype>
      <usage_type>resource</usage_type>
      <checksum>2ECB432A</checksum>
    </file>
    <file>
      <filename>LargeHotel-90.1-2010-ASHRAE 169-2006-3B.osm</filename>
      <filetype>osm</filetype>
      <usage_type>test</usage_type>
      <checksum>CFE0DEB4</checksum>
    </file>
    <file>
      <filename>LargeOffice-90.1-2010-ASHRAE 169-2006-5A.osm</filename>
      <filetype>osm</filetype>
      <usage_type>test</usage_type>
      <checksum>5A53A838</checksum>
    </file>
    <file>
      <filename>MediumOffice-90.1-2010-ASHRAE 169-2006-5A.osm</filename>
      <filetype>osm</filetype>
      <usage_type>test</usage_type>
      <checksum>E3745F63</checksum>
    </file>
    <file>
      <filename>PrimarySchool-90.1-2007-ASHRAE 169-2006-2A.osm</filename>
      <filetype>osm</filetype>
      <usage_type>test</usage_type>
      <checksum>D3B6A1A2</checksum>
    </file>
    <file>
      <filename>SecondarySchool-90.1-2010-ASHRAE 169-2006-4A.osm</filename>
      <filetype>osm</filetype>
      <usage_type>test</usage_type>
      <checksum>C4911AB4</checksum>
    </file>
    <file>
      <filename>SmallHotel-90.1-2010-ASHRAE 169-2006-3B.osm</filename>
      <filetype>osm</filetype>
      <usage_type>test</usage_type>
      <checksum>5CB9DAB8</checksum>
    </file>
    <file>
      <filename>SmallOffice-90.1-2010-ASHRAE 169-2006-2A.osm</filename>
      <filetype>osm</filetype>
      <usage_type>test</usage_type>
      <checksum>9412D202</checksum>
    </file>
    <file>
      <filename>USA_IL_Chicago-OHare.Intl.AP.725300_TMY3.epw</filename>
      <filetype>epw</filetype>
      <usage_type>test</usage_type>
      <checksum>C254B53F</checksum>
    </file>
    <file>
      <filename>USA_IL_Chicago-OHare.Intl.AP.725300_TMY3.ddy</filename>
      <filetype>ddy</filetype>
      <usage_type>test</usage_type>
      <checksum>A6026389</checksum>
    </file>
    <file>
      <filename>USA_IL_Chicago-OHare.Intl.AP.725300_TMY3.stat</filename>
      <filetype>stat</filetype>
      <usage_type>test</usage_type>
      <checksum>81A7B740</checksum>
    </file>
    <file>
      <filename>controls_hwpdp_reset_test.rb</filename>
      <filetype>rb</filetype>
      <usage_type>test</usage_type>
      <checksum>32E84C57</checksum>
    </file>
    <file>
      <version>
        <software_program>OpenStudio</software_program>
        <identifier>1.8.0</identifier>
        <min_compatible>1.8.0</min_compatible>
      </version>
      <filename>measure.rb</filename>
      <filetype>rb</filetype>
      <usage_type>script</usage_type>
      <checksum>3E0721D6</checksum>
    </file>
  </files>
</measure>
