<?xml version="1.0"?>
<measure>
  <schema_version>3.0</schema_version>
  <name>reduce_space_infiltration_by_percentage</name>
  <uid>6e9de4b1-aa97-4010-80c8-529e53ffe943</uid>
  <version_id>5a6e9e1e-43d3-42ba-988e-7725dd74729b</version_id>
  <version_modified>20210423T161950Z</version_modified>
  <xml_checksum>EACB548E</xml_checksum>
  <class_name>ReduceSpaceInfiltrationByPercentage</class_name>
  <display_name>ReduceSpaceInfiltrationByPercentage</display_name>
  <description>This measure will reduce space infiltration rates by the requested percentage. A cost per square foot of building area can be added to the model.</description>
  <modeler_description>This can be run across a space type or the entire building. Costs will be associated with the building. If infiltration objects are removed at a later date, the costs will remain.</modeler_description>
  <arguments>
    <argument>
      <name>space_type</name>
      <display_name>Apply the Measure to a Specific Space Type or to the Entire Model.</display_name>
      <type>Choice</type>
      <required>true</required>
      <model_dependent>false</model_dependent>
      <default_value>{136d1959-e409-4a50-8e90-aea4f881ac9b}</default_value>
      <choices>
        <choice>
          <value>{136d1959-e409-4a50-8e90-aea4f881ac9b}</value>
          <display_name>*Entire Building*</display_name>
        </choice>
      </choices>
    </argument>
    <argument>
      <name>space_infiltration_reduction_percent</name>
      <display_name>Space Infiltration Power Reduction</display_name>
      <type>Double</type>
      <units>%</units>
      <required>true</required>
      <model_dependent>false</model_dependent>
      <default_value>30</default_value>
    </argument>
    <argument>
      <name>constant_coefficient</name>
      <display_name>Constant Coefficient</display_name>
      <type>Double</type>
      <required>true</required>
      <model_dependent>false</model_dependent>
      <default_value>1</default_value>
    </argument>
    <argument>
      <name>temperature_coefficient</name>
      <display_name>Temperature Coefficient</display_name>
      <type>Double</type>
      <required>true</required>
      <model_dependent>false</model_dependent>
      <default_value>0</default_value>
    </argument>
    <argument>
      <name>wind_speed_coefficient</name>
      <display_name>Wind Speed Coefficient</display_name>
      <type>Double</type>
      <required>true</required>
      <model_dependent>false</model_dependent>
      <default_value>0</default_value>
    </argument>
    <argument>
      <name>wind_speed_squared_coefficient</name>
      <display_name>Wind Speed Squared Coefficient</display_name>
      <type>Double</type>
      <required>true</required>
      <model_dependent>false</model_dependent>
      <default_value>0</default_value>
    </argument>
    <argument>
      <name>alter_coef</name>
      <display_name>Alter constant temperature and wind speed coefficients.</display_name>
      <description>Setting this to false will result in infiltration objects that maintain the coefficients from the initial model. Setting this to true replaces the existing coefficients with the values entered for the coefficient arguments in this measure</description>
      <type>Boolean</type>
      <required>true</required>
      <model_dependent>false</model_dependent>
      <default_value>true</default_value>
      <choices>
        <choice>
          <value>true</value>
          <display_name>true</display_name>
        </choice>
        <choice>
          <value>false</value>
          <display_name>false</display_name>
        </choice>
      </choices>
    </argument>
    <argument>
      <name>material_and_installation_cost</name>
      <display_name>Increase in Material and Installation Costs for Building per Affected Floor Area</display_name>
      <type>Double</type>
      <units>$/ft^2</units>
      <required>true</required>
      <model_dependent>false</model_dependent>
      <default_value>0</default_value>
    </argument>
    <argument>
      <name>om_cost</name>
      <display_name>O &amp; M Costs for Construction per Affected Floor Area</display_name>
      <type>Double</type>
      <units>$/ft^2</units>
      <required>true</required>
      <model_dependent>false</model_dependent>
      <default_value>0</default_value>
    </argument>
    <argument>
      <name>om_frequency</name>
      <display_name>O &amp; M Frequency</display_name>
      <type>Integer</type>
      <units>whole years</units>
      <required>true</required>
      <model_dependent>false</model_dependent>
      <default_value>1</default_value>
    </argument>
  </arguments>
  <outputs />
  <provenances />
  <tags>
    <tag>Envelope.Infiltration</tag>
  </tags>
  <attributes>
    <attribute>
      <name>Measure Type</name>
      <value>ModelMeasure</value>
      <datatype>string</datatype>
    </attribute>
    <attribute>
      <name>Uses SketchUp API</name>
      <value>false</value>
      <datatype>boolean</datatype>
    </attribute>
  </attributes>
  <files>
    <file>
      <filename>EnvelopeAndLoadTestModel_01.osm</filename>
      <filetype>osm</filetype>
      <usage_type>test</usage_type>
      <checksum>E64096CB</checksum>
    </file>
    <file>
      <filename>EnvelopeAndLoadTestModel_01_FullyCosted.osm</filename>
      <filetype>osm</filetype>
      <usage_type>test</usage_type>
      <checksum>38E06CA8</checksum>
    </file>
    <file>
      <filename>README.md.erb</filename>
      <filetype>erb</filetype>
      <usage_type>readmeerb</usage_type>
      <checksum>703C9964</checksum>
    </file>
    <file>
      <filename>README.md</filename>
      <filetype>md</filetype>
      <usage_type>readme</usage_type>
      <checksum>864A4EE3</checksum>
    </file>
    <file>
      <filename>LICENSE.md</filename>
      <filetype>md</filetype>
      <usage_type>license</usage_type>
      <checksum>A21A3ED2</checksum>
    </file>
    <file>
      <filename>ReduceSpaceInfiltrationByPercentage_Test.rb</filename>
      <filetype>rb</filetype>
      <usage_type>test</usage_type>
      <checksum>61CD07EE</checksum>
    </file>
    <file>
      <version>
        <software_program>OpenStudio</software_program>
        <identifier>2.0.0</identifier>
        <min_compatible>2.0.0</min_compatible>
      </version>
      <filename>measure.rb</filename>
      <filetype>rb</filetype>
      <usage_type>script</usage_type>
      <checksum>A291F10F</checksum>
    </file>
  </files>
</measure>
