<?xml version="1.0"?>
<measure>
  <schema_version>3.0</schema_version>
  <name>add_monthly_utility_data</name>
  <uid>6da969e0-4256-49bf-9607-26504cc3d421</uid>
  <version_id>b37794e0-1d11-446a-be95-e565bdcc6e3f</version_id>
  <version_modified>20210304T152732Z</version_modified>
  <xml_checksum>9064277D</xml_checksum>
  <class_name>AddMonthlyUtilityData</class_name>
  <display_name>AddMonthlyUtilityData</display_name>
  <description>Reads in custom format and adds utility data</description>
  <modeler_description>Minimum interval for utility data is one day</modeler_description>
  <arguments>
    <argument>
      <name>electric_json</name>
      <display_name>Path to electric JSON</display_name>
      <type>String</type>
      <required>true</required>
      <model_dependent>false</model_dependent>
    </argument>
    <argument>
      <name>gas_json</name>
      <display_name>Path to gas JSON</display_name>
      <type>String</type>
      <required>true</required>
      <model_dependent>false</model_dependent>
    </argument>
    <argument>
      <name>water_json</name>
      <display_name>Path to water JSON</display_name>
      <type>String</type>
      <required>false</required>
      <model_dependent>false</model_dependent>
    </argument>
    <argument>
      <name>start_date</name>
      <display_name>Start date</display_name>
      <type>String</type>
      <required>true</required>
      <model_dependent>false</model_dependent>
    </argument>
    <argument>
      <name>end_date</name>
      <display_name>End date</display_name>
      <type>String</type>
      <required>true</required>
      <model_dependent>false</model_dependent>
    </argument>
  </arguments>
  <outputs />
  <provenances />
  <tags>
    <tag>Economics.Life Cycle Cost Analysis</tag>
  </tags>
  <attributes>
    <attribute>
      <name>Measure Type</name>
      <value>ModelMeasure</value>
      <datatype>string</datatype>
    </attribute>
    <attribute>
      <name>Uses SketchUp API</name>
      <value>false</value>
      <datatype>boolean</datatype>
    </attribute>
  </attributes>
  <files>
    <file>
      <filename>electric_billed_usages.json</filename>
      <filetype>json</filetype>
      <usage_type>test</usage_type>
      <checksum>5F884191</checksum>
    </file>
    <file>
      <filename>gas_billed_usages.json</filename>
      <filetype>json</filetype>
      <usage_type>test</usage_type>
      <checksum>379ABCEE</checksum>
    </file>
    <file>
      <filename>README.md.erb</filename>
      <filetype>erb</filetype>
      <usage_type>readmeerb</usage_type>
      <checksum>703C9964</checksum>
    </file>
    <file>
      <filename>README.md</filename>
      <filetype>md</filetype>
      <usage_type>readme</usage_type>
      <checksum>A8846AF4</checksum>
    </file>
    <file>
      <filename>LICENSE.md</filename>
      <filetype>md</filetype>
      <usage_type>license</usage_type>
      <checksum>A21A3ED2</checksum>
    </file>
    <file>
      <version>
        <software_program>OpenStudio</software_program>
        <identifier>2.0.0</identifier>
        <min_compatible>2.0.0</min_compatible>
      </version>
      <filename>measure.rb</filename>
      <filetype>rb</filetype>
      <usage_type>script</usage_type>
      <checksum>15DA7891</checksum>
    </file>
    <file>
      <filename>AddMonthlyUtilityData_Test.rb</filename>
      <filetype>rb</filetype>
      <usage_type>test</usage_type>
      <checksum>656036ED</checksum>
    </file>
  </files>
</measure>
