<measure>
  <schema_version>3.0</schema_version>
  <name>cea_indoor_scale_cultivation_room</name>
  <uid>71f8f346-ae97-43ef-adad-596fc88925a4</uid>
  <version_id>e8bc13ac-2b96-4030-9595-8e9e9a7055df</version_id>
  <version_modified>20210721T173548Z</version_modified>
  <xml_checksum>661FA25F</xml_checksum>
  <class_name>CEAIndoorScaleCultivationRoom</class_name>
  <display_name>CEAIndoor_ScaleCultivationRoom</display_name>
  <description>Measure uses a space name to scale the surfaces associate only with that space.</description>
  <modeler_description>Measure scales a user specified space exterior surfaces</modeler_description>
  <arguments>
    <argument>
      <name>veg_space</name>
      <display_name>Choose a veg space</display_name>
      <type>Choice</type>
      <required>true</required>
      <model_dependent>false</model_dependent>
    </argument>
    <argument>
      <name>flower_space</name>
      <display_name>Choose a flower space</display_name>
      <type>Choice</type>
      <required>true</required>
      <model_dependent>false</model_dependent>
    </argument>
    <argument>
      <name>veg_size_sqft</name>
      <display_name>veg room Size [sqft]</display_name>
      <type>Double</type>
      <required>true</required>
      <model_dependent>false</model_dependent>
      <default_value>1600</default_value>
    </argument>
    <argument>
      <name>flower_size_sqft</name>
      <display_name>flower room Size [sqft]</display_name>
      <type>Double</type>
      <required>true</required>
      <model_dependent>false</model_dependent>
      <default_value>1600</default_value>
    </argument>
  </arguments>
  <outputs/>
  <provenances/>
  <tags>
    <tag>Envelope.Form</tag>
  </tags>
  <attributes>
    <attribute>
      <name>Intended Software Tool</name>
      <value>Apply Measure Now</value>
      <datatype>string</datatype>
    </attribute>
    <attribute>
      <name>Intended Software Tool</name>
      <value>OpenStudio Application</value>
      <datatype>string</datatype>
    </attribute>
    <attribute>
      <name>Intended Software Tool</name>
      <value>Parametric Analysis Tool</value>
      <datatype>string</datatype>
    </attribute>
    <attribute>
      <name>Intended Software Tool</name>
      <value>Analysis Spreadsheet</value>
      <datatype>string</datatype>
    </attribute>
    <attribute>
      <name>Intended Use Case</name>
      <value>Model Articulation</value>
      <datatype>string</datatype>
    </attribute>
    <attribute>
      <name>Intended Use Case</name>
      <value>Calibration</value>
      <datatype>string</datatype>
    </attribute>
    <attribute>
      <name>Intended Use Case</name>
      <value>Sensitivity Analysis</value>
      <datatype>string</datatype>
    </attribute>
    <attribute>
      <name>Intended Use Case</name>
      <value>New Construction EE</value>
      <datatype>string</datatype>
    </attribute>
    <attribute>
      <name>Intended Use Case</name>
      <value>Retrofit EE</value>
      <datatype>string</datatype>
    </attribute>
    <attribute>
      <name>Intended Software Tool</name>
      <value>Apply Measure Now</value>
      <datatype>string</datatype>
    </attribute>
    <attribute>
      <name>Intended Software Tool</name>
      <value>OpenStudio Application</value>
      <datatype>string</datatype>
    </attribute>
    <attribute>
      <name>Intended Software Tool</name>
      <value>Parametric Analysis Tool</value>
      <datatype>string</datatype>
    </attribute>
    <attribute>
      <name>Intended Software Tool</name>
      <value>Analysis Spreadsheet</value>
      <datatype>string</datatype>
    </attribute>
    <attribute>
      <name>Intended Use Case</name>
      <value>Model Articulation</value>
      <datatype>string</datatype>
    </attribute>
    <attribute>
      <name>Intended Use Case</name>
      <value>Calibration</value>
      <datatype>string</datatype>
    </attribute>
    <attribute>
      <name>Intended Use Case</name>
      <value>Sensitivity Analysis</value>
      <datatype>string</datatype>
    </attribute>
    <attribute>
      <name>Intended Use Case</name>
      <value>New Construction EE</value>
      <datatype>string</datatype>
    </attribute>
    <attribute>
      <name>Intended Use Case</name>
      <value>Retrofit EE</value>
      <datatype>string</datatype>
    </attribute>
    <attribute>
      <name>Intended Software Tool</name>
      <value>Apply Measure Now</value>
      <datatype>string</datatype>
    </attribute>
    <attribute>
      <name>Intended Software Tool</name>
      <value>OpenStudio Application</value>
      <datatype>string</datatype>
    </attribute>
    <attribute>
      <name>Intended Software Tool</name>
      <value>Parametric Analysis Tool</value>
      <datatype>string</datatype>
    </attribute>
    <attribute>
      <name>Intended Software Tool</name>
      <value>Analysis Spreadsheet</value>
      <datatype>string</datatype>
    </attribute>
    <attribute>
      <name>Intended Use Case</name>
      <value>Model Articulation</value>
      <datatype>string</datatype>
    </attribute>
    <attribute>
      <name>Intended Use Case</name>
      <value>Calibration</value>
      <datatype>string</datatype>
    </attribute>
    <attribute>
      <name>Intended Use Case</name>
      <value>Sensitivity Analysis</value>
      <datatype>string</datatype>
    </attribute>
    <attribute>
      <name>Intended Use Case</name>
      <value>New Construction EE</value>
      <datatype>string</datatype>
    </attribute>
    <attribute>
      <name>Intended Use Case</name>
      <value>Retrofit EE</value>
      <datatype>string</datatype>
    </attribute>
    <attribute>
      <name>Measure Type</name>
      <value>ModelMeasure</value>
      <datatype>string</datatype>
    </attribute>
    <attribute>
      <name>Intended Software Tool</name>
      <value>Apply Measure Now</value>
      <datatype>string</datatype>
    </attribute>
    <attribute>
      <name>Intended Software Tool</name>
      <value>OpenStudio Application</value>
      <datatype>string</datatype>
    </attribute>
    <attribute>
      <name>Intended Software Tool</name>
      <value>Parametric Analysis Tool</value>
      <datatype>string</datatype>
    </attribute>
    <attribute>
      <name>Intended Software Tool</name>
      <value>Analysis Spreadsheet</value>
      <datatype>string</datatype>
    </attribute>
    <attribute>
      <name>Intended Use Case</name>
      <value>Model Articulation</value>
      <datatype>string</datatype>
    </attribute>
    <attribute>
      <name>Intended Use Case</name>
      <value>Calibration</value>
      <datatype>string</datatype>
    </attribute>
    <attribute>
      <name>Intended Use Case</name>
      <value>Sensitivity Analysis</value>
      <datatype>string</datatype>
    </attribute>
    <attribute>
      <name>Intended Use Case</name>
      <value>New Construction EE</value>
      <datatype>string</datatype>
    </attribute>
    <attribute>
      <name>Intended Use Case</name>
      <value>Retrofit EE</value>
      <datatype>string</datatype>
    </attribute>
  </attributes>
  <files>
    <file>
      <filename>example_model.osm</filename>
      <filetype>osm</filetype>
      <usage_type>test</usage_type>
      <checksum>53D14E69</checksum>
    </file>
    <file>
      <filename>med_ofc_2013_6a.osm</filename>
      <filetype>osm</filetype>
      <usage_type>test</usage_type>
      <checksum>02A22A51</checksum>
    </file>
    <file>
      <filename>cea_indoor_scale_cultivation_room_test.rb</filename>
      <filetype>rb</filetype>
      <usage_type>test</usage_type>
      <checksum>9EE76744</checksum>
    </file>
    <file>
      <version>
        <software_program>OpenStudio</software_program>
        <identifier>2.2.0</identifier>
        <min_compatible>2.2.0</min_compatible>
      </version>
      <filename>measure.rb</filename>
      <filetype>rb</filetype>
      <usage_type>script</usage_type>
      <checksum>3FFF176F</checksum>
    </file>
  </files>
</measure>
