<?xml version="1.0"?>
<measure>
  <schema_version>3.0</schema_version>
  <name>customize_prototypical_vrf_and_doas_configurations</name>
  <uid>7be694e1-385b-43d4-b4c1-995c1b1cf5f2</uid>
  <version_id>0066a00d-6586-48ff-b6a3-a2f6b4a7f542</version_id>
  <version_modified>20220913T160021Z</version_modified>
  <xml_checksum>D6EBE473</xml_checksum>
  <class_name>CustomizePrototypicalVrfAndDoasConfigurations</class_name>
  <display_name>customize_prototypical_vrf_and_doas_configurations</display_name>
  <description>Intended to work down stream of Create_Typical and standards-gem workflows to allow some configuration edits to the VRF and VRF with DOAS system types.

</description>
  <modeler_description>Use the system_type argument to validate eligibility of the measure application

Then edits the prototyipcal built VFR and DOAS configuration for UI control of 

ERV/HRV
Sens and Latent
Pressure
DOAS Source
NG, Elec, HP, none

VRF

H COP
C COP
Heat Recovery / Heat Pump
Back up heat (ie the no fan power Unit heating within the spaces)</modeler_description>
  <arguments>
    <argument>
      <name>system_type</name>
      <display_name>system_type</display_name>
      <type>Choice</type>
      <required>true</required>
      <model_dependent>false</model_dependent>
      <default_value>DOAS with VRF</default_value>
      <choices>
        <choice>
          <value>DOAS with VRF</value>
          <display_name>DOAS with VRF</display_name>
        </choice>
        <choice>
          <value>VRF</value>
          <display_name>VRF</display_name>
        </choice>
        <choice>
          <value>PTHP</value>
          <display_name>PTHP</display_name>
        </choice>
        <choice>
          <value>PTAC with gas coil</value>
          <display_name>PTAC with gas coil</display_name>
        </choice>
        <choice>
          <value>PSZ-HP</value>
          <display_name>PSZ-HP</display_name>
        </choice>
        <choice>
          <value>PSZ-AC with gas coil</value>
          <display_name>PSZ-AC with gas coil</display_name>
        </choice>
        <choice>
          <value>PVAV with PFP boxes</value>
          <display_name>PVAV with PFP boxes</display_name>
        </choice>
        <choice>
          <value>PVAV with gas boiler reheat</value>
          <display_name>PVAV with gas boiler reheat</display_name>
        </choice>
        <choice>
          <value>VAV chiller with PFP boxes</value>
          <display_name>VAV chiller with PFP boxes</display_name>
        </choice>
        <choice>
          <value>VAV chiller with gas boiler reheat</value>
          <display_name>VAV chiller with gas boiler reheat</display_name>
        </choice>
      </choices>
    </argument>
    <argument>
      <name>doas_htg_coil_type</name>
      <display_name>doas_htg_coil_type</display_name>
      <type>Choice</type>
      <required>true</required>
      <model_dependent>false</model_dependent>
      <default_value>Natural Gas</default_value>
      <choices>
        <choice>
          <value>Natural Gas</value>
          <display_name>Natural Gas</display_name>
        </choice>
        <choice>
          <value>Electric Resistance</value>
          <display_name>Electric Resistance</display_name>
        </choice>
        <choice>
          <value>Heat Pump</value>
          <display_name>Heat Pump</display_name>
        </choice>
        <choice>
          <value>No Heating Coil</value>
          <display_name>No Heating Coil</display_name>
        </choice>
      </choices>
    </argument>
    <argument>
      <name>energy_recovery_device_type</name>
      <display_name>energy_recovery_device_type</display_name>
      <type>Choice</type>
      <required>true</required>
      <model_dependent>false</model_dependent>
      <default_value>ERV</default_value>
      <choices>
        <choice>
          <value>HRV</value>
          <display_name>HRV</display_name>
        </choice>
        <choice>
          <value>ERV</value>
          <display_name>ERV</display_name>
        </choice>
        <choice>
          <value>None</value>
          <display_name>None</display_name>
        </choice>
      </choices>
    </argument>
    <argument>
      <name>erv_hrv_airside_pressure_drop_ip</name>
      <display_name>Enter the Airside Pressure Drop [inH2O]</display_name>
      <type>Double</type>
      <required>true</required>
      <model_dependent>false</model_dependent>
      <default_value>0.25</default_value>
    </argument>
    <argument>
      <name>erv_hrv_sens_eff_100</name>
      <display_name>Sensible Effectiveness at 100% Airflow</display_name>
      <type>Double</type>
      <required>true</required>
      <model_dependent>false</model_dependent>
      <default_value>0.75</default_value>
    </argument>
    <argument>
      <name>erv_hrv_lat_eff_100</name>
      <display_name>Latent Effectiveness at 100%</display_name>
      <type>Double</type>
      <required>true</required>
      <model_dependent>false</model_dependent>
      <default_value>0.5</default_value>
    </argument>
    <argument>
      <name>rated_eer_at_design_capacity</name>
      <display_name>DOAS Rated EER</display_name>
      <type>Double</type>
      <required>true</required>
      <model_dependent>false</model_dependent>
      <default_value>12</default_value>
    </argument>
    <argument>
      <name>rated_eer_at_low_capacity</name>
      <display_name>DOAS Rated EER</display_name>
      <type>Double</type>
      <required>true</required>
      <model_dependent>false</model_dependent>
      <default_value>12</default_value>
    </argument>
    <argument>
      <name>tz_secondary_htg_fuel</name>
      <display_name>What is the VRF back up heat</display_name>
      <type>Choice</type>
      <required>true</required>
      <model_dependent>false</model_dependent>
      <default_value>Natural Gas</default_value>
      <choices>
        <choice>
          <value>Electric Resistance</value>
          <display_name>Electric Resistance</display_name>
        </choice>
        <choice>
          <value>Natural Gas</value>
          <display_name>Natural Gas</display_name>
        </choice>
        <choice>
          <value>None</value>
          <display_name>None</display_name>
        </choice>
      </choices>
    </argument>
    <argument>
      <name>vrf_outdoor_unit_rated_clg_cop</name>
      <display_name>Cooling COP</display_name>
      <type>Double</type>
      <required>true</required>
      <model_dependent>false</model_dependent>
      <default_value>3.32</default_value>
    </argument>
    <argument>
      <name>vrf_outdoor_unit_rated_htg_cop</name>
      <display_name>Heating COP</display_name>
      <type>Double</type>
      <required>true</required>
      <model_dependent>false</model_dependent>
      <default_value>3.32</default_value>
    </argument>
    <argument>
      <name>vrf_system_mode</name>
      <display_name>Choose the VRF Operation Mode</display_name>
      <type>Choice</type>
      <required>true</required>
      <model_dependent>false</model_dependent>
      <default_value>Heat Recovery</default_value>
      <choices>
        <choice>
          <value>Heat Pump</value>
          <display_name>Heat Pump</display_name>
        </choice>
        <choice>
          <value>Heat Recovery</value>
          <display_name>Heat Recovery</display_name>
        </choice>
      </choices>
    </argument>
    <argument>
      <name>template</name>
      <display_name>What is the standard for this building</display_name>
      <description>This argument is intended to be populated by the upstream Create Typical/Bar measure and written automatically by our forms</description>
      <type>String</type>
      <required>true</required>
      <model_dependent>false</model_dependent>
      <default_value>90.1-2019</default_value>
    </argument>
  </arguments>
  <outputs />
  <provenances />
  <tags>
    <tag>HVAC.Whole System</tag>
  </tags>
  <attributes>
    <attribute>
      <name>Measure Type</name>
      <value>ModelMeasure</value>
      <datatype>string</datatype>
    </attribute>
    <attribute>
      <name>Intended Software Tool</name>
      <value>Apply Measure Now</value>
      <datatype>string</datatype>
    </attribute>
    <attribute>
      <name>Intended Software Tool</name>
      <value>OpenStudio Application</value>
      <datatype>string</datatype>
    </attribute>
    <attribute>
      <name>Intended Software Tool</name>
      <value>Parametric Analysis Tool</value>
      <datatype>string</datatype>
    </attribute>
    <attribute>
      <name>Intended Use Case</name>
      <value>Model Articulation</value>
      <datatype>string</datatype>
    </attribute>
    <attribute>
      <name>Intended Use Case</name>
      <value>Calibration</value>
      <datatype>string</datatype>
    </attribute>
    <attribute>
      <name>Intended Use Case</name>
      <value>New Construction EE</value>
      <datatype>string</datatype>
    </attribute>
  </attributes>
  <files>
    <file>
      <filename>LICENSE.md</filename>
      <filetype>md</filetype>
      <usage_type>license</usage_type>
      <checksum>CD7F5672</checksum>
    </file>
    <file>
      <filename>README.md.erb</filename>
      <filetype>erb</filetype>
      <usage_type>readmeerb</usage_type>
      <checksum>F1C26127</checksum>
    </file>
    <file>
      <filename>.gitkeep</filename>
      <filetype>gitkeep</filetype>
      <usage_type>doc</usage_type>
      <checksum>00000000</checksum>
    </file>
    <file>
      <filename>customize_prototypical_vrf_and_doas_configurations_test.rb</filename>
      <filetype>rb</filetype>
      <usage_type>test</usage_type>
      <checksum>72753FB4</checksum>
    </file>
    <file>
      <filename>example_model.osm</filename>
      <filetype>osm</filetype>
      <usage_type>test</usage_type>
      <checksum>53D14E69</checksum>
    </file>
    <file>
      <version>
        <software_program>OpenStudio</software_program>
        <identifier>3.3.0</identifier>
        <min_compatible>3.3.0</min_compatible>
      </version>
      <filename>measure.rb</filename>
      <filetype>rb</filetype>
      <usage_type>script</usage_type>
      <checksum>FAEE2252</checksum>
    </file>
    <file>
      <filename>README.md</filename>
      <filetype>md</filetype>
      <usage_type>readme</usage_type>
      <checksum>4EF6A08F</checksum>
    </file>
  </files>
</measure>
