<measure>
  <schema_version>3.0</schema_version>
  <name>coincident_peak_loadshape</name>
  <uid>81081957-3bd7-4262-b73b-3b347e87be0e</uid>
  <version_id>4ed9be58-b3f3-4bc2-abf8-01d3e3121c59</version_id>
  <version_modified>20190613T170732Z</version_modified>
  <xml_checksum>10464C4E</xml_checksum>
  <class_name>CoincidentPeakLoadshape</class_name>
  <display_name>Coincident Peak Loadshape</display_name>
  <description>This measure creates tariff objets from pre-poulated IDF files in the measures "resoruces" directory.</description>
  <modeler_description>The timestep for the simulation will be changed to four timesteps per hour to me more compatable with a variety of demand window lnegths that may be in tariff objects in the resources directory.</modeler_description>
  <arguments>
    <argument>
      <name>ElectricityPurchased:Facility</name>
      <display_name>Select a Tariff for ElectricityPurchased:Facility.</display_name>
      <type>Choice</type>
      <required>true</required>
      <model_dependent>false</model_dependent>
      <default_value>DC_coincident_peak</default_value>
      <choices>
        <choice>
          <value>DC_coincident_peak</value>
          <display_name>DC_coincident_peak.idf</display_name>
        </choice>
        <choice>
          <value>VT_coincident_peak</value>
          <display_name>VT_coincident_peak.idf</display_name>
        </choice>
      </choices>
    </argument>
  </arguments>
  <outputs/>
  <provenances/>
  <tags>
    <tag>Economics.Life Cycle Cost Analysis</tag>
  </tags>
  <attributes>
    <attribute>
      <name>Measure Function</name>
      <value>Measure</value>
      <datatype>string</datatype>
    </attribute>
    <attribute>
      <name>Requires EnergyPlus Results</name>
      <value>false</value>
      <datatype>boolean</datatype>
    </attribute>
    <attribute>
      <name>Uses SketchUp API</name>
      <value>false</value>
      <datatype>boolean</datatype>
    </attribute>
    <attribute>
      <name>Intended Software Tool</name>
      <value>OpenStudio Application</value>
      <datatype>string</datatype>
    </attribute>
    <attribute>
      <name>Intended Software Tool</name>
      <value>Parametric Analysis Tool</value>
      <datatype>string</datatype>
    </attribute>
    <attribute>
      <name>Intended Software Tool</name>
      <value>Analysis Spreadsheet</value>
      <datatype>string</datatype>
    </attribute>
    <attribute>
      <name>Intended Use Case</name>
      <value>New Construction EE</value>
      <datatype>string</datatype>
    </attribute>
    <attribute>
      <name>Intended Use Case</name>
      <value>Retrofit EE</value>
      <datatype>string</datatype>
    </attribute>
    <attribute>
      <name>Measure Type</name>
      <value>EnergyPlusMeasure</value>
      <datatype>string</datatype>
    </attribute>
    <attribute>
      <name>Intended Software Tool</name>
      <value>OpenStudio Application</value>
      <datatype>string</datatype>
    </attribute>
    <attribute>
      <name>Intended Software Tool</name>
      <value>Parametric Analysis Tool</value>
      <datatype>string</datatype>
    </attribute>
    <attribute>
      <name>Intended Software Tool</name>
      <value>Analysis Spreadsheet</value>
      <datatype>string</datatype>
    </attribute>
    <attribute>
      <name>Intended Use Case</name>
      <value>New Construction EE</value>
      <datatype>string</datatype>
    </attribute>
    <attribute>
      <name>Intended Use Case</name>
      <value>Retrofit EE</value>
      <datatype>string</datatype>
    </attribute>
  </attributes>
  <files>
    <file>
      <filename>EnvelopeAndLoadTestModel_01.osm</filename>
      <filetype>osm</filetype>
      <usage_type>test</usage_type>
      <checksum>E11F67BD</checksum>
    </file>
    <file>
      <filename>os_lib_helper_methods.rb</filename>
      <filetype>rb</filetype>
      <usage_type>resource</usage_type>
      <checksum>9CFC43FB</checksum>
    </file>
    <file>
      <filename>LICENSE.md</filename>
      <filetype>md</filetype>
      <usage_type>license</usage_type>
      <checksum>9640B6CB</checksum>
    </file>
    <file>
      <filename>README.md.erb</filename>
      <filetype>erb</filetype>
      <usage_type>readmeerb</usage_type>
      <checksum>703C9964</checksum>
    </file>
    <file>
      <filename>savings_loadshape_test.rb</filename>
      <filetype>rb</filetype>
      <usage_type>test</usage_type>
      <checksum>124E0965</checksum>
    </file>
    <file>
      <filename>README.md</filename>
      <filetype>md</filetype>
      <usage_type>readme</usage_type>
      <checksum>E9A4A12B</checksum>
    </file>
    <file>
      <filename>DC_coincident_peak.idf</filename>
      <filetype>idf</filetype>
      <usage_type>resource</usage_type>
      <checksum>9913D2BF</checksum>
    </file>
    <file>
      <filename>VT_coincident_peak.idf</filename>
      <filetype>idf</filetype>
      <usage_type>resource</usage_type>
      <checksum>1484D240</checksum>
    </file>
    <file>
      <version>
        <software_program>OpenStudio</software_program>
        <identifier>2.0.0</identifier>
        <min_compatible>2.0.0</min_compatible>
      </version>
      <filename>measure.rb</filename>
      <filetype>rb</filetype>
      <usage_type>script</usage_type>
      <checksum>DD410876</checksum>
    </file>
  </files>
</measure>
