<?xml version="1.0"?>
<measure>
  <schema_version>3.0</schema_version>
  <name>customize_prototype_tstats</name>
  <uid>1dea6006-a616-49b6-85bd-ccaa1cc7cb60</uid>
  <version_id>cb29dd2e-b467-4702-85bd-e8583ca1d363</version_id>
  <version_modified>20221101T104543Z</version_modified>
  <xml_checksum>6BEEC94D</xml_checksum>
  <class_name>CustomizePrototypeTstats</class_name>
  <display_name>customize_prototype_Tstats</display_name>
  <description>A measure to inspect and edit the prototypical Tstat schedules for the OS Control Tool at VEIC</description>
  <modeler_description>Inspect the ruleset schedules and edit the temperature values</modeler_description>
  <arguments>
    <argument>
      <name>clg_setpoint</name>
      <display_name>Cooling Setpoint</display_name>
      <description>Enter a desired Cooling Setpoint</description>
      <type>Double</type>
      <required>true</required>
      <model_dependent>false</model_dependent>
      <default_value>73.2</default_value>
    </argument>
    <argument>
      <name>htg_setpoint</name>
      <display_name>Heating Setpoint</display_name>
      <description>Enter a desired Cooling Setpoint</description>
      <type>Double</type>
      <required>true</required>
      <model_dependent>false</model_dependent>
      <default_value>68</default_value>
    </argument>
    <argument>
      <name>setback</name>
      <display_name>Setback</display_name>
      <description>Setback</description>
      <type>Double</type>
      <required>true</required>
      <model_dependent>false</model_dependent>
      <default_value>5</default_value>
    </argument>
    <argument>
      <name>cooling_bool</name>
      <display_name>A swtich to turn off cooling</display_name>
      <type>Boolean</type>
      <required>true</required>
      <model_dependent>false</model_dependent>
      <default_value>false</default_value>
      <choices>
        <choice>
          <value>true</value>
          <display_name>true</display_name>
        </choice>
        <choice>
          <value>false</value>
          <display_name>false</display_name>
        </choice>
      </choices>
    </argument>
  </arguments>
  <outputs />
  <provenances />
  <tags>
    <tag>HVAC.HVAC Controls</tag>
  </tags>
  <attributes>
    <attribute>
      <name>Measure Type</name>
      <value>ModelMeasure</value>
      <datatype>string</datatype>
    </attribute>
    <attribute>
      <name>Intended Software Tool</name>
      <value>Apply Measure Now</value>
      <datatype>string</datatype>
    </attribute>
    <attribute>
      <name>Intended Software Tool</name>
      <value>OpenStudio Application</value>
      <datatype>string</datatype>
    </attribute>
    <attribute>
      <name>Intended Software Tool</name>
      <value>Parametric Analysis Tool</value>
      <datatype>string</datatype>
    </attribute>
    <attribute>
      <name>Intended Use Case</name>
      <value>Model Articulation</value>
      <datatype>string</datatype>
    </attribute>
    <attribute>
      <name>Intended Use Case</name>
      <value>Calibration</value>
      <datatype>string</datatype>
    </attribute>
    <attribute>
      <name>Intended Use Case</name>
      <value>Sensitivity Analysis</value>
      <datatype>string</datatype>
    </attribute>
  </attributes>
  <files>
    <file>
      <filename>LICENSE.md</filename>
      <filetype>md</filetype>
      <usage_type>license</usage_type>
      <checksum>CD7F5672</checksum>
    </file>
    <file>
      <filename>README.md.erb</filename>
      <filetype>erb</filetype>
      <usage_type>readmeerb</usage_type>
      <checksum>F1C26127</checksum>
    </file>
    <file>
      <filename>.gitkeep</filename>
      <filetype>gitkeep</filetype>
      <usage_type>doc</usage_type>
      <checksum>00000000</checksum>
    </file>
    <file>
      <filename>customize_prototype_tstats_test.rb</filename>
      <filetype>rb</filetype>
      <usage_type>test</usage_type>
      <checksum>A8D41C67</checksum>
    </file>
    <file>
      <filename>example_model.osm</filename>
      <filetype>osm</filetype>
      <usage_type>test</usage_type>
      <checksum>53D14E69</checksum>
    </file>
    <file>
      <version>
        <software_program>OpenStudio</software_program>
        <identifier>3.3.0</identifier>
        <min_compatible>3.3.0</min_compatible>
      </version>
      <filename>measure.rb</filename>
      <filetype>rb</filetype>
      <usage_type>script</usage_type>
      <checksum>B4360F42</checksum>
    </file>
    <file>
      <filename>README.md</filename>
      <filetype>md</filetype>
      <usage_type>readme</usage_type>
      <checksum>340FFF1D</checksum>
    </file>
  </files>
</measure>
