<?xml version="1.0"?>
<measure>
  <schema_version>3.0</schema_version>
  <name>controls_chwst_reset</name>
  <uid>86ef1c1e-20cd-4b8d-9fb0-b6f9c2da1d10</uid>
  <version_id>63481b19-9cbf-4a0e-8419-98e96778105a</version_id>
  <version_modified>20220805T210603Z</version_modified>
  <xml_checksum>92B03087</xml_checksum>
  <class_name>ControlsCHWSTReset</class_name>
  <display_name>Controls_CHWSTReset</display_name>
  <description>This energy efficiency measure (EEM) adds a set point reset to all chilled water loops present in the OpenStudio model. The chilled water supply temperature reset will be based on outdoor-air temperature (OAT). The specific sequence is that as outdoor-air temperature (OAT) rises from 60F (15.6C) up to 100F (37.8C), the chilled water supply temperature set point will decrease from 55F (12.8C) down to 45F (7.22C).  This sequence provides a 10F (15.6C) change in the Chilled Water Set Point, over a 40F (22.2C) temperature change in the OAT. </description>
  <modeler_description>This EEM applies an OS:SetpointManager:OutdoorAirReset controller to the supply outlet node of all PlantLoop objects where OS:Sizing:Plant.LoopType = 'Cooling'.</modeler_description>
  <arguments>
    <argument>
      <name>run_measure_chwstr</name>
      <display_name>Run Measure</display_name>
      <type>Boolean</type>
      <required>true</required>
      <model_dependent>false</model_dependent>
      <default_value>true</default_value>
      <choices>
        <choice>
          <value>true</value>
          <display_name>true</display_name>
        </choice>
        <choice>
          <value>false</value>
          <display_name>false</display_name>
        </choice>
      </choices>
    </argument>
  </arguments>
  <outputs />
  <provenances />
  <tags>
    <tag>HVAC.HVAC Controls</tag>
  </tags>
  <attributes>
    <attribute>
      <name>Intended Software Tool</name>
      <value>Apply Measure Now</value>
      <datatype>string</datatype>
    </attribute>
    <attribute>
      <name>Intended Software Tool</name>
      <value>OpenStudio Application</value>
      <datatype>string</datatype>
    </attribute>
    <attribute>
      <name>Intended Software Tool</name>
      <value>Parametric Analysis Tool</value>
      <datatype>string</datatype>
    </attribute>
    <attribute>
      <name>Intended Use Case</name>
      <value>Model Articulation</value>
      <datatype>string</datatype>
    </attribute>
    <attribute>
      <name>Intended Use Case</name>
      <value>New Construction EE</value>
      <datatype>string</datatype>
    </attribute>
    <attribute>
      <name>Intended Use Case</name>
      <value>Retrofit EE</value>
      <datatype>string</datatype>
    </attribute>
    <attribute>
      <name>Measure Type</name>
      <value>ModelMeasure</value>
      <datatype>string</datatype>
    </attribute>
    <attribute>
      <name>Intended Software Tool</name>
      <value>Apply Measure Now</value>
      <datatype>string</datatype>
    </attribute>
    <attribute>
      <name>Intended Software Tool</name>
      <value>OpenStudio Application</value>
      <datatype>string</datatype>
    </attribute>
    <attribute>
      <name>Intended Software Tool</name>
      <value>Parametric Analysis Tool</value>
      <datatype>string</datatype>
    </attribute>
    <attribute>
      <name>Intended Use Case</name>
      <value>Model Articulation</value>
      <datatype>string</datatype>
    </attribute>
    <attribute>
      <name>Intended Use Case</name>
      <value>New Construction EE</value>
      <datatype>string</datatype>
    </attribute>
    <attribute>
      <name>Intended Use Case</name>
      <value>Retrofit EE</value>
      <datatype>string</datatype>
    </attribute>
  </attributes>
  <files>
    <file>
      <filename>example_model.osm</filename>
      <filetype>osm</filetype>
      <usage_type>test</usage_type>
      <checksum>C4F35230</checksum>
    </file>
    <file>
      <filename>LargeHotel-90.1-2010-ASHRAE 169-2006-3B.osm</filename>
      <filetype>osm</filetype>
      <usage_type>test</usage_type>
      <checksum>CFE0DEB4</checksum>
    </file>
    <file>
      <filename>LargeOffice-90.1-2010-ASHRAE 169-2006-5A.osm</filename>
      <filetype>osm</filetype>
      <usage_type>test</usage_type>
      <checksum>5A53A838</checksum>
    </file>
    <file>
      <filename>MediumOffice-90.1-2010-ASHRAE 169-2006-5A.osm</filename>
      <filetype>osm</filetype>
      <usage_type>test</usage_type>
      <checksum>E3745F63</checksum>
    </file>
    <file>
      <filename>PrimarySchool-90.1-2007-ASHRAE 169-2006-2A.osm</filename>
      <filetype>osm</filetype>
      <usage_type>test</usage_type>
      <checksum>D3B6A1A2</checksum>
    </file>
    <file>
      <filename>SecondarySchool-90.1-2010-ASHRAE 169-2006-4A.osm</filename>
      <filetype>osm</filetype>
      <usage_type>test</usage_type>
      <checksum>C4911AB4</checksum>
    </file>
    <file>
      <filename>SmallHotel-90.1-2010-ASHRAE 169-2006-3B.osm</filename>
      <filetype>osm</filetype>
      <usage_type>test</usage_type>
      <checksum>5CB9DAB8</checksum>
    </file>
    <file>
      <filename>SmallOffice-90.1-2010-ASHRAE 169-2006-2A.osm</filename>
      <filetype>osm</filetype>
      <usage_type>test</usage_type>
      <checksum>9412D202</checksum>
    </file>
    <file>
      <filename>controls_chwst_reset_test.rb</filename>
      <filetype>rb</filetype>
      <usage_type>test</usage_type>
      <checksum>311DEF77</checksum>
    </file>
    <file>
      <version>
        <software_program>OpenStudio</software_program>
        <identifier>1.9.0</identifier>
        <min_compatible>1.9.0</min_compatible>
      </version>
      <filename>measure.rb</filename>
      <filetype>rb</filetype>
      <usage_type>script</usage_type>
      <checksum>C3185B77</checksum>
    </file>
  </files>
</measure>
