<?xml version="1.0"?>
<measure>
  <schema_version>3.0</schema_version>
  <name>controls_satoa_reset</name>
  <uid>3d911614-7d46-4aa5-9c47-0d9f4712fa9d</uid>
  <version_id>2b92aec7-d01e-4012-b145-c6f540553f0b</version_id>
  <version_modified>20220805T210604Z</version_modified>
  <xml_checksum>5C55B62D</xml_checksum>
  <class_name>ControlsSATOAReset</class_name>
  <display_name>Controls_SAT OA Reset</display_name>
  <description>Some buildings use a constant supply-air (also referred to discharge-air) temperature set point of 55F. When a building's supply fan system is operational, the supply-air temperature set point value should be automatically adjusting to internal/external conditions that will allow the supply fan to operate more efficiently. The simplest way to implement this strategy is to raise supply-air temperature when the outdoor air is cold and the building is less likely to need cooling.  Supplying this warmer air to the  terminals decreases the amount of reheat necessary at the terminal, saving heating energy.</description>
  <modeler_description>For each multi-zone system in the model, replace the scheduled supply-air temperature setpoint manager with an outdoor air reset setpoint manager.  When the outdoor temperature is above 75F, supply-air temperature is 55F.  When the outdoor temperature is below 45F, increase the supply-air temperature setpoint to 60F.  When the outdoor temperature is between 45F and 75F, vary the supply-air temperature between 55F and 60F.</modeler_description>
  <arguments>
    <argument>
      <name>run_measure_satoar</name>
      <display_name>Run Measure</display_name>
      <type>Boolean</type>
      <required>true</required>
      <model_dependent>false</model_dependent>
      <default_value>true</default_value>
      <choices>
        <choice>
          <value>true</value>
          <display_name>true</display_name>
        </choice>
        <choice>
          <value>false</value>
          <display_name>false</display_name>
        </choice>
      </choices>
    </argument>
  </arguments>
  <outputs />
  <provenances />
  <tags>
    <tag>HVAC.HVAC Controls</tag>
  </tags>
  <attributes>
    <attribute>
      <name>Uses SketchUp API</name>
      <value>false</value>
      <datatype>boolean</datatype>
    </attribute>
    <attribute>
      <name>Measure Type</name>
      <value>ModelMeasure</value>
      <datatype>string</datatype>
    </attribute>
    <attribute>
      <name>Intended Software Tool</name>
      <value>Apply Measure Now</value>
      <datatype>string</datatype>
    </attribute>
    <attribute>
      <name>Intended Software Tool</name>
      <value>OpenStudio Application</value>
      <datatype>string</datatype>
    </attribute>
    <attribute>
      <name>Intended Software Tool</name>
      <value>Parametric Analysis Tool</value>
      <datatype>string</datatype>
    </attribute>
    <attribute>
      <name>Intended Use Case</name>
      <value>Model Articulation</value>
      <datatype>string</datatype>
    </attribute>
  </attributes>
  <files>
    <file>
      <filename>658.osm</filename>
      <filetype>osm</filetype>
      <usage_type>test</usage_type>
      <checksum>FC195AC7</checksum>
    </file>
    <file>
      <filename>659.osm</filename>
      <filetype>osm</filetype>
      <usage_type>test</usage_type>
      <checksum>916E913E</checksum>
    </file>
    <file>
      <filename>660.osm</filename>
      <filetype>osm</filetype>
      <usage_type>test</usage_type>
      <checksum>F8F744B3</checksum>
    </file>
    <file>
      <filename>recommendation.rb</filename>
      <filetype>rb</filetype>
      <usage_type>resource</usage_type>
      <checksum>F8A36B18</checksum>
    </file>
    <file>
      <filename>SupplyAirTemperatureResetBasedOnOutdoorAirTemperature_Test.rb</filename>
      <filetype>rb</filetype>
      <usage_type>test</usage_type>
      <checksum>9F26CDE9</checksum>
    </file>
    <file>
      <version>
        <software_program>OpenStudio</software_program>
        <identifier>1.3.0</identifier>
        <min_compatible>1.3.0</min_compatible>
      </version>
      <filename>measure.rb</filename>
      <filetype>rb</filetype>
      <usage_type>script</usage_type>
      <checksum>E1F51F41</checksum>
    </file>
  </files>
</measure>
