<?xml version="1.0"?>
<measure>
  <schema_version>3.0</schema_version>
  <name>replace_weather_file</name>
  <uid>245591c2-0fd4-4ec8-9003-4b9e48209349</uid>
  <version_id>e4cba99b-e204-4bb8-b3f6-c90c2166347b</version_id>
  <version_modified>20220805T210612Z</version_modified>
  <xml_checksum>80BFEF26</xml_checksum>
  <class_name>ReplaceWeatherFile</class_name>
  <display_name>ReplaceWeatherFile</display_name>
  <description>Sets the EPW weather file (EPW), supplemental data specific to the location, and daylight saving time start/end dates.</description>
  <modeler_description>Sets the weather file, Building America climate zone, site information (e.g., latitude, longitude, elevation, timezone), design day information (from the DDY file), the mains water temperature using the correlation method, and the daylight saving time start/end dates.</modeler_description>
  <arguments>
    <argument>
      <name>weather_directory</name>
      <display_name>Weather Directory</display_name>
      <description>Absolute (or relative) directory to weather files.</description>
      <type>String</type>
      <required>true</required>
      <model_dependent>false</model_dependent>
      <default_value>./resources</default_value>
    </argument>
    <argument>
      <name>weather_file_name</name>
      <display_name>Weather File</display_name>
      <type>Choice</type>
      <required>true</required>
      <model_dependent>false</model_dependent>
      <default_value>VT_BURLINGTON-IAP_726170_TY3A.epw</default_value>
      <choices>
        <choice>
          <value>NH_BERLIN-MUNI-AP_726160_TY3A.epw</value>
          <display_name>NH_BERLIN-MUNI-AP_726160_TY3A.epw</display_name>
        </choice>
        <choice>
          <value>NH_LEBANON-MUNI-AP_726116_TY3A.epw</value>
          <display_name>NH_LEBANON-MUNI-AP_726116_TY3A.epw</display_name>
        </choice>
        <choice>
          <value>USA_DE_Wilmington-New.Castle.County.AP.724089_TMY3.epw</value>
          <display_name>USA_DE_Wilmington-New.Castle.County.AP.724089_TMY3.epw</display_name>
        </choice>
        <choice>
          <value>USA_HI_Hilo.Intl.AP.912850_TMY3.epw</value>
          <display_name>USA_HI_Hilo.Intl.AP.912850_TMY3.epw</display_name>
        </choice>
        <choice>
          <value>USA_HI_Honolulu.Intl.AP.911820_TMY3.epw</value>
          <display_name>USA_HI_Honolulu.Intl.AP.911820_TMY3.epw</display_name>
        </choice>
        <choice>
          <value>USA_HI_Kahului.AP.911900_TMY3.epw</value>
          <display_name>USA_HI_Kahului.AP.911900_TMY3.epw</display_name>
        </choice>
        <choice>
          <value>USA_HI_Kapalua-West.Maui.AP.911904_TMY3.epw</value>
          <display_name>USA_HI_Kapalua-West.Maui.AP.911904_TMY3.epw</display_name>
        </choice>
        <choice>
          <value>USA_HI_Keahole-Kona.Intl.AP.911975_TMY3.epw</value>
          <display_name>USA_HI_Keahole-Kona.Intl.AP.911975_TMY3.epw</display_name>
        </choice>
        <choice>
          <value>USA_HI_Lihue.AP.911650_TMY3.epw</value>
          <display_name>USA_HI_Lihue.AP.911650_TMY3.epw</display_name>
        </choice>
        <choice>
          <value>USA_IA_Burlington.Muni.AP.725455_TMY3.epw</value>
          <display_name>USA_IA_Burlington.Muni.AP.725455_TMY3.epw</display_name>
        </choice>
        <choice>
          <value>USA_IA_Des.Moines.Intl.AP.725460_TMY3.epw</value>
          <display_name>USA_IA_Des.Moines.Intl.AP.725460_TMY3.epw</display_name>
        </choice>
        <choice>
          <value>USA_IA_Mason.City.Muni.AP.725485_TMY3.epw</value>
          <display_name>USA_IA_Mason.City.Muni.AP.725485_TMY3.epw</display_name>
        </choice>
        <choice>
          <value>USA_MA_Boston-Logan.Intl.AP.725090_TMY3.epw</value>
          <display_name>USA_MA_Boston-Logan.Intl.AP.725090_TMY3.epw</display_name>
        </choice>
        <choice>
          <value>USA_MA_Chicopee.Falls-Westover.AFB.744910_TMY3.epw</value>
          <display_name>USA_MA_Chicopee.Falls-Westover.AFB.744910_TMY3.epw</display_name>
        </choice>
        <choice>
          <value>USA_MA_Marthas.Vineyard.AP.725066_TMY3.epw</value>
          <display_name>USA_MA_Marthas.Vineyard.AP.725066_TMY3.epw</display_name>
        </choice>
        <choice>
          <value>USA_MA_North.Adams.AP.725075_TMY3.epw</value>
          <display_name>USA_MA_North.Adams.AP.725075_TMY3.epw</display_name>
        </choice>
        <choice>
          <value>USA_MA_Worcester.Rgnl.AP.725095_TMY3.epw</value>
          <display_name>USA_MA_Worcester.Rgnl.AP.725095_TMY3.epw</display_name>
        </choice>
        <choice>
          <value>USA_MD_Salisbury-Wicomico.County.Rgnl.AP.724045_TMY3.epw</value>
          <display_name>USA_MD_Salisbury-Wicomico.County.Rgnl.AP.724045_TMY3.epw</display_name>
        </choice>
        <choice>
          <value>USA_OH_Akron.Canton.Rgnl.AP.725210_TMY3.epw</value>
          <display_name>USA_OH_Akron.Canton.Rgnl.AP.725210_TMY3.epw</display_name>
        </choice>
        <choice>
          <value>USA_OH_Cincinnati.Muni.AP-Lunken.Field.724297_TMY3.epw</value>
          <display_name>USA_OH_Cincinnati.Muni.AP-Lunken.Field.724297_TMY3.epw</display_name>
        </choice>
        <choice>
          <value>USA_OH_Columbus-Port.Columbus.Intl.AP.724280_TMY3.epw</value>
          <display_name>USA_OH_Columbus-Port.Columbus.Intl.AP.724280_TMY3.epw</display_name>
        </choice>
        <choice>
          <value>USA_OH_Toledo.Express.AP.725360_TMY3.epw</value>
          <display_name>USA_OH_Toledo.Express.AP.725360_TMY3.epw</display_name>
        </choice>
        <choice>
          <value>VA_WASHINGTON-DC-REAGAN-AP_724050_TY3A.epw</value>
          <display_name>VA_WASHINGTON-DC-REAGAN-AP_724050_TY3A.epw</display_name>
        </choice>
        <choice>
          <value>VT_BURLINGTON-IAP_726170_TY3A.epw</value>
          <display_name>VT_BURLINGTON-IAP_726170_TY3A.epw</display_name>
        </choice>
        <choice>
          <value>VT_MONTPELIER-AP_726145_TY3A.epw</value>
          <display_name>VT_MONTPELIER-AP_726145_TY3A.epw</display_name>
        </choice>
        <choice>
          <value>VT_RUTLAND-STATE_725165_TY3A.epw</value>
          <display_name>VT_RUTLAND-STATE_725165_TY3A.epw</display_name>
        </choice>
        <choice>
          <value>VT_SPRINGFIELD-HARTNES_726115_TY3A.epw</value>
          <display_name>VT_SPRINGFIELD-HARTNES_726115_TY3A.epw</display_name>
        </choice>
      </choices>
    </argument>
    <argument>
      <name>dst_start_date</name>
      <display_name>Daylight Saving Start Date</display_name>
      <description>Type 'NA' if no daylight saving.</description>
      <type>String</type>
      <required>true</required>
      <model_dependent>false</model_dependent>
      <default_value>NA</default_value>
    </argument>
    <argument>
      <name>dst_end_date</name>
      <display_name>Daylight Saving End Date</display_name>
      <description>Type 'NA' if no daylight saving.</description>
      <type>String</type>
      <required>true</required>
      <model_dependent>false</model_dependent>
      <default_value>NA</default_value>
    </argument>
  </arguments>
  <outputs />
  <provenances />
  <tags>
    <tag>Envelope.Form</tag>
  </tags>
  <attributes>
    <attribute>
      <name>Measure Type</name>
      <value>ModelMeasure</value>
      <datatype>string</datatype>
    </attribute>
    <attribute>
      <name>Intended Software Tool</name>
      <value>Apply Measure Now</value>
      <datatype>string</datatype>
    </attribute>
    <attribute>
      <name>Intended Software Tool</name>
      <value>OpenStudio Application</value>
      <datatype>string</datatype>
    </attribute>
    <attribute>
      <name>Intended Software Tool</name>
      <value>Parametric Analysis Tool</value>
      <datatype>string</datatype>
    </attribute>
    <attribute>
      <name>Intended Software Tool</name>
      <value>Analysis Spreadsheet</value>
      <datatype>string</datatype>
    </attribute>
    <attribute>
      <name>Intended Use Case</name>
      <value>Model Articulation</value>
      <datatype>string</datatype>
    </attribute>
    <attribute>
      <name>Intended Use Case</name>
      <value>Calibration</value>
      <datatype>string</datatype>
    </attribute>
    <attribute>
      <name>Intended Use Case</name>
      <value>Sensitivity Analysis</value>
      <datatype>string</datatype>
    </attribute>
    <attribute>
      <name>Intended Use Case</name>
      <value>New Construction EE</value>
      <datatype>string</datatype>
    </attribute>
    <attribute>
      <name>Intended Use Case</name>
      <value>Retrofit EE</value>
      <datatype>string</datatype>
    </attribute>
    <attribute>
      <name>Intended Use Case</name>
      <value>Automatic Report Generation</value>
      <datatype>string</datatype>
    </attribute>
  </attributes>
  <files>
    <file>
      <filename>example_model.osm</filename>
      <filetype>osm</filetype>
      <usage_type>test</usage_type>
      <checksum>53D14E69</checksum>
    </file>
    <file>
      <filename>climate_zones.csv</filename>
      <filetype>csv</filetype>
      <usage_type>resource</usage_type>
      <checksum>63C6A1E2</checksum>
    </file>
    <file>
      <filename>weather.rb</filename>
      <filetype>rb</filetype>
      <usage_type>resource</usage_type>
      <checksum>36B7CAC2</checksum>
    </file>
    <file>
      <filename>psychrometrics.rb</filename>
      <filetype>rb</filetype>
      <usage_type>resource</usage_type>
      <checksum>3C131B97</checksum>
    </file>
    <file>
      <filename>constants.rb</filename>
      <filetype>rb</filetype>
      <usage_type>resource</usage_type>
      <checksum>C8CE4128</checksum>
    </file>
    <file>
      <filename>unit_conversions.rb</filename>
      <filetype>rb</filetype>
      <usage_type>resource</usage_type>
      <checksum>DCB12FCF</checksum>
    </file>
    <file>
      <filename>util.rb</filename>
      <filetype>rb</filetype>
      <usage_type>resource</usage_type>
      <checksum>87C9A783</checksum>
    </file>
    <file>
      <filename>med_ofc_2013_6a.osm</filename>
      <filetype>osm</filetype>
      <usage_type>test</usage_type>
      <checksum>02A22A51</checksum>
    </file>
    <file>
      <filename>replace_weather_file_test.rb</filename>
      <filetype>rb</filetype>
      <usage_type>test</usage_type>
      <checksum>D23D19B3</checksum>
    </file>
    <file>
      <filename>NH_BERLIN-MUNI-AP_726160_TY3A.DDY</filename>
      <filetype>DDY</filetype>
      <usage_type>resource</usage_type>
      <checksum>6112B90D</checksum>
    </file>
    <file>
      <filename>NH_BERLIN-MUNI-AP_726160_TY3A.epw</filename>
      <filetype>epw</filetype>
      <usage_type>resource</usage_type>
      <checksum>676CCCB5</checksum>
    </file>
    <file>
      <filename>NH_LEBANON-MUNI-AP_726116_TY3A.DDY</filename>
      <filetype>DDY</filetype>
      <usage_type>resource</usage_type>
      <checksum>D543F498</checksum>
    </file>
    <file>
      <filename>NH_LEBANON-MUNI-AP_726116_TY3A.epw</filename>
      <filetype>epw</filetype>
      <usage_type>resource</usage_type>
      <checksum>4CEC72BB</checksum>
    </file>
    <file>
      <filename>VA_WASHINGTON-DC-REAGAN-AP_724050_TY3A.DDY</filename>
      <filetype>DDY</filetype>
      <usage_type>resource</usage_type>
      <checksum>2E495576</checksum>
    </file>
    <file>
      <filename>VA_WASHINGTON-DC-REAGAN-AP_724050_TY3A.epw</filename>
      <filetype>epw</filetype>
      <usage_type>resource</usage_type>
      <checksum>9CC82DDE</checksum>
    </file>
    <file>
      <filename>VT_BURLINGTON-IAP_726170_TY3A.DDY</filename>
      <filetype>DDY</filetype>
      <usage_type>resource</usage_type>
      <checksum>FAFA2EF6</checksum>
    </file>
    <file>
      <filename>VT_BURLINGTON-IAP_726170_TY3A.epw</filename>
      <filetype>epw</filetype>
      <usage_type>resource</usage_type>
      <checksum>B2C222C0</checksum>
    </file>
    <file>
      <filename>VT_MONTPELIER-AP_726145_TY3A.DDY</filename>
      <filetype>DDY</filetype>
      <usage_type>resource</usage_type>
      <checksum>6F3A22D4</checksum>
    </file>
    <file>
      <filename>VT_MONTPELIER-AP_726145_TY3A.epw</filename>
      <filetype>epw</filetype>
      <usage_type>resource</usage_type>
      <checksum>FB4EEF41</checksum>
    </file>
    <file>
      <filename>VT_RUTLAND-STATE_725165_TY3A.DDY</filename>
      <filetype>DDY</filetype>
      <usage_type>resource</usage_type>
      <checksum>397B7552</checksum>
    </file>
    <file>
      <filename>VT_RUTLAND-STATE_725165_TY3A.epw</filename>
      <filetype>epw</filetype>
      <usage_type>resource</usage_type>
      <checksum>4AB76786</checksum>
    </file>
    <file>
      <filename>VT_SPRINGFIELD-HARTNES_726115_TY3A.DDY</filename>
      <filetype>DDY</filetype>
      <usage_type>resource</usage_type>
      <checksum>F2BB6F20</checksum>
    </file>
    <file>
      <filename>VT_SPRINGFIELD-HARTNES_726115_TY3A.epw</filename>
      <filetype>epw</filetype>
      <usage_type>resource</usage_type>
      <checksum>803A4BF1</checksum>
    </file>
    <file>
      <filename>USA_MA_Boston-Logan.Intl.AP.725090_TMY3.ddy</filename>
      <filetype>ddy</filetype>
      <usage_type>resource</usage_type>
      <checksum>E4CBEAF0</checksum>
    </file>
    <file>
      <filename>USA_MA_Boston-Logan.Intl.AP.725090_TMY3.epw</filename>
      <filetype>epw</filetype>
      <usage_type>resource</usage_type>
      <checksum>B65824C3</checksum>
    </file>
    <file>
      <filename>USA_MA_Boston-Logan.Intl.AP.725090_TMY3.stat</filename>
      <filetype>stat</filetype>
      <usage_type>resource</usage_type>
      <checksum>8657DDB9</checksum>
    </file>
    <file>
      <filename>USA_DE_Wilmington-New.Castle.County.AP.724089_TMY3.ddy</filename>
      <filetype>ddy</filetype>
      <usage_type>resource</usage_type>
      <checksum>08D02806</checksum>
    </file>
    <file>
      <filename>USA_DE_Wilmington-New.Castle.County.AP.724089_TMY3.epw</filename>
      <filetype>epw</filetype>
      <usage_type>resource</usage_type>
      <checksum>57C68411</checksum>
    </file>
    <file>
      <filename>USA_DE_Wilmington-New.Castle.County.AP.724089_TMY3.stat</filename>
      <filetype>stat</filetype>
      <usage_type>resource</usage_type>
      <checksum>DDA27E76</checksum>
    </file>
    <file>
      <filename>USA_IA_Burlington.Muni.AP.725455_TMY3.ddy</filename>
      <filetype>ddy</filetype>
      <usage_type>resource</usage_type>
      <checksum>A1F9CA12</checksum>
    </file>
    <file>
      <filename>USA_IA_Burlington.Muni.AP.725455_TMY3.epw</filename>
      <filetype>epw</filetype>
      <usage_type>resource</usage_type>
      <checksum>BD77C660</checksum>
    </file>
    <file>
      <filename>USA_IA_Burlington.Muni.AP.725455_TMY3.stat</filename>
      <filetype>stat</filetype>
      <usage_type>resource</usage_type>
      <checksum>7E174B1D</checksum>
    </file>
    <file>
      <filename>USA_IA_Des.Moines.Intl.AP.725460_TMY3.ddy</filename>
      <filetype>ddy</filetype>
      <usage_type>resource</usage_type>
      <checksum>DE550FD5</checksum>
    </file>
    <file>
      <filename>USA_IA_Des.Moines.Intl.AP.725460_TMY3.epw</filename>
      <filetype>epw</filetype>
      <usage_type>resource</usage_type>
      <checksum>98C5D7B9</checksum>
    </file>
    <file>
      <filename>USA_IA_Des.Moines.Intl.AP.725460_TMY3.stat</filename>
      <filetype>stat</filetype>
      <usage_type>resource</usage_type>
      <checksum>0646F9DB</checksum>
    </file>
    <file>
      <filename>USA_IA_Mason.City.Muni.AP.725485_TMY3.ddy</filename>
      <filetype>ddy</filetype>
      <usage_type>resource</usage_type>
      <checksum>636C502D</checksum>
    </file>
    <file>
      <filename>USA_IA_Mason.City.Muni.AP.725485_TMY3.epw</filename>
      <filetype>epw</filetype>
      <usage_type>resource</usage_type>
      <checksum>F71212A3</checksum>
    </file>
    <file>
      <filename>USA_IA_Mason.City.Muni.AP.725485_TMY3.stat</filename>
      <filetype>stat</filetype>
      <usage_type>resource</usage_type>
      <checksum>B0BBE958</checksum>
    </file>
    <file>
      <filename>USA_MD_Salisbury-Wicomico.County.Rgnl.AP.724045_TMY3.ddy</filename>
      <filetype>ddy</filetype>
      <usage_type>resource</usage_type>
      <checksum>8C4B9B0F</checksum>
    </file>
    <file>
      <filename>USA_MD_Salisbury-Wicomico.County.Rgnl.AP.724045_TMY3.epw</filename>
      <filetype>epw</filetype>
      <usage_type>resource</usage_type>
      <checksum>699E6524</checksum>
    </file>
    <file>
      <filename>USA_MD_Salisbury-Wicomico.County.Rgnl.AP.724045_TMY3.stat</filename>
      <filetype>stat</filetype>
      <usage_type>resource</usage_type>
      <checksum>B00266AD</checksum>
    </file>
    <file>
      <filename>USA_OH_Akron.Canton.Rgnl.AP.725210_TMY3.ddy</filename>
      <filetype>ddy</filetype>
      <usage_type>resource</usage_type>
      <checksum>B89CB843</checksum>
    </file>
    <file>
      <filename>USA_OH_Akron.Canton.Rgnl.AP.725210_TMY3.epw</filename>
      <filetype>epw</filetype>
      <usage_type>resource</usage_type>
      <checksum>3B2FF0EE</checksum>
    </file>
    <file>
      <filename>USA_OH_Akron.Canton.Rgnl.AP.725210_TMY3.stat</filename>
      <filetype>stat</filetype>
      <usage_type>resource</usage_type>
      <checksum>7F5F85F3</checksum>
    </file>
    <file>
      <filename>USA_OH_Cincinnati.Muni.AP-Lunken.Field.724297_TMY3.ddy</filename>
      <filetype>ddy</filetype>
      <usage_type>resource</usage_type>
      <checksum>C5631E96</checksum>
    </file>
    <file>
      <filename>USA_OH_Cincinnati.Muni.AP-Lunken.Field.724297_TMY3.epw</filename>
      <filetype>epw</filetype>
      <usage_type>resource</usage_type>
      <checksum>352B030D</checksum>
    </file>
    <file>
      <filename>USA_OH_Cincinnati.Muni.AP-Lunken.Field.724297_TMY3.stat</filename>
      <filetype>stat</filetype>
      <usage_type>resource</usage_type>
      <checksum>1177093D</checksum>
    </file>
    <file>
      <filename>USA_OH_Columbus-Port.Columbus.Intl.AP.724280_TMY3.ddy</filename>
      <filetype>ddy</filetype>
      <usage_type>resource</usage_type>
      <checksum>1BF130B4</checksum>
    </file>
    <file>
      <filename>USA_OH_Columbus-Port.Columbus.Intl.AP.724280_TMY3.epw</filename>
      <filetype>epw</filetype>
      <usage_type>resource</usage_type>
      <checksum>8F9B299F</checksum>
    </file>
    <file>
      <filename>USA_OH_Columbus-Port.Columbus.Intl.AP.724280_TMY3.stat</filename>
      <filetype>stat</filetype>
      <usage_type>resource</usage_type>
      <checksum>4E9827AD</checksum>
    </file>
    <file>
      <filename>USA_OH_Toledo.Express.AP.725360_TMY3.ddy</filename>
      <filetype>ddy</filetype>
      <usage_type>resource</usage_type>
      <checksum>192DD44E</checksum>
    </file>
    <file>
      <filename>USA_OH_Toledo.Express.AP.725360_TMY3.epw</filename>
      <filetype>epw</filetype>
      <usage_type>resource</usage_type>
      <checksum>1D990EF7</checksum>
    </file>
    <file>
      <filename>USA_OH_Toledo.Express.AP.725360_TMY3.stat</filename>
      <filetype>stat</filetype>
      <usage_type>resource</usage_type>
      <checksum>72AD4D44</checksum>
    </file>
    <file>
      <filename>USA_HI_Hilo.Intl.AP.912850_TMY3.ddy</filename>
      <filetype>ddy</filetype>
      <usage_type>resource</usage_type>
      <checksum>8499CE7C</checksum>
    </file>
    <file>
      <filename>USA_HI_Hilo.Intl.AP.912850_TMY3.epw</filename>
      <filetype>epw</filetype>
      <usage_type>resource</usage_type>
      <checksum>A22E2E0D</checksum>
    </file>
    <file>
      <filename>USA_HI_Hilo.Intl.AP.912850_TMY3.stat</filename>
      <filetype>stat</filetype>
      <usage_type>resource</usage_type>
      <checksum>B0833529</checksum>
    </file>
    <file>
      <filename>USA_HI_Honolulu.Intl.AP.911820_TMY3.ddy</filename>
      <filetype>ddy</filetype>
      <usage_type>resource</usage_type>
      <checksum>068512AF</checksum>
    </file>
    <file>
      <filename>USA_HI_Honolulu.Intl.AP.911820_TMY3.epw</filename>
      <filetype>epw</filetype>
      <usage_type>resource</usage_type>
      <checksum>FAFD839F</checksum>
    </file>
    <file>
      <filename>USA_HI_Honolulu.Intl.AP.911820_TMY3.stat</filename>
      <filetype>stat</filetype>
      <usage_type>resource</usage_type>
      <checksum>4B6A2BFC</checksum>
    </file>
    <file>
      <filename>USA_HI_Kahului.AP.911900_TMY3.ddy</filename>
      <filetype>ddy</filetype>
      <usage_type>resource</usage_type>
      <checksum>49648C48</checksum>
    </file>
    <file>
      <filename>USA_HI_Kahului.AP.911900_TMY3.epw</filename>
      <filetype>epw</filetype>
      <usage_type>resource</usage_type>
      <checksum>B9DD7762</checksum>
    </file>
    <file>
      <filename>USA_HI_Kahului.AP.911900_TMY3.stat</filename>
      <filetype>stat</filetype>
      <usage_type>resource</usage_type>
      <checksum>E95B363A</checksum>
    </file>
    <file>
      <filename>USA_HI_Kapalua-West.Maui.AP.911904_TMY3.ddy</filename>
      <filetype>ddy</filetype>
      <usage_type>resource</usage_type>
      <checksum>7FD7FEA6</checksum>
    </file>
    <file>
      <filename>USA_HI_Kapalua-West.Maui.AP.911904_TMY3.epw</filename>
      <filetype>epw</filetype>
      <usage_type>resource</usage_type>
      <checksum>5D1FF696</checksum>
    </file>
    <file>
      <filename>USA_HI_Kapalua-West.Maui.AP.911904_TMY3.stat</filename>
      <filetype>stat</filetype>
      <usage_type>resource</usage_type>
      <checksum>0E54002C</checksum>
    </file>
    <file>
      <filename>USA_HI_Keahole-Kona.Intl.AP.911975_TMY3.ddy</filename>
      <filetype>ddy</filetype>
      <usage_type>resource</usage_type>
      <checksum>734C76C9</checksum>
    </file>
    <file>
      <filename>USA_HI_Keahole-Kona.Intl.AP.911975_TMY3.epw</filename>
      <filetype>epw</filetype>
      <usage_type>resource</usage_type>
      <checksum>EBCD150B</checksum>
    </file>
    <file>
      <filename>USA_HI_Keahole-Kona.Intl.AP.911975_TMY3.stat</filename>
      <filetype>stat</filetype>
      <usage_type>resource</usage_type>
      <checksum>A3571AD8</checksum>
    </file>
    <file>
      <filename>USA_HI_Lihue.AP.911650_TMY3.ddy</filename>
      <filetype>ddy</filetype>
      <usage_type>resource</usage_type>
      <checksum>B2B23E20</checksum>
    </file>
    <file>
      <filename>USA_HI_Lihue.AP.911650_TMY3.epw</filename>
      <filetype>epw</filetype>
      <usage_type>resource</usage_type>
      <checksum>145140A8</checksum>
    </file>
    <file>
      <filename>USA_HI_Lihue.AP.911650_TMY3.stat</filename>
      <filetype>stat</filetype>
      <usage_type>resource</usage_type>
      <checksum>C34ADACE</checksum>
    </file>
    <file>
      <filename>USA_MA_Chicopee.Falls-Westover.AFB.744910_TMY3.epw</filename>
      <filetype>epw</filetype>
      <usage_type>resource</usage_type>
      <checksum>A5D6D465</checksum>
    </file>
    <file>
      <filename>USA_MA_Chicopee.Falls-Westover.AFB.744910_TMY3.stat</filename>
      <filetype>stat</filetype>
      <usage_type>resource</usage_type>
      <checksum>006B3FB9</checksum>
    </file>
    <file>
      <filename>USA_MA_Marthas.Vineyard.AP.725066_TMY3.ddy</filename>
      <filetype>ddy</filetype>
      <usage_type>resource</usage_type>
      <checksum>01F9A55B</checksum>
    </file>
    <file>
      <filename>USA_MA_Marthas.Vineyard.AP.725066_TMY3.epw</filename>
      <filetype>epw</filetype>
      <usage_type>resource</usage_type>
      <checksum>2ED15ECF</checksum>
    </file>
    <file>
      <filename>USA_MA_Marthas.Vineyard.AP.725066_TMY3.stat</filename>
      <filetype>stat</filetype>
      <usage_type>resource</usage_type>
      <checksum>438EF9CC</checksum>
    </file>
    <file>
      <filename>USA_MA_North.Adams.AP.725075_TMY3.epw</filename>
      <filetype>epw</filetype>
      <usage_type>resource</usage_type>
      <checksum>7F51694D</checksum>
    </file>
    <file>
      <filename>USA_MA_North.Adams.AP.725075_TMY3.stat</filename>
      <filetype>stat</filetype>
      <usage_type>resource</usage_type>
      <checksum>86B2D876</checksum>
    </file>
    <file>
      <filename>USA_MA_Worcester.Rgnl.AP.725095_TMY3.ddy</filename>
      <filetype>ddy</filetype>
      <usage_type>resource</usage_type>
      <checksum>0F07C1E7</checksum>
    </file>
    <file>
      <filename>USA_MA_Worcester.Rgnl.AP.725095_TMY3.epw</filename>
      <filetype>epw</filetype>
      <usage_type>resource</usage_type>
      <checksum>ABE9616A</checksum>
    </file>
    <file>
      <filename>USA_MA_Worcester.Rgnl.AP.725095_TMY3.stat</filename>
      <filetype>stat</filetype>
      <usage_type>resource</usage_type>
      <checksum>49CDECBC</checksum>
    </file>
    <file>
      <version>
        <software_program>OpenStudio</software_program>
        <identifier>2.2.0</identifier>
        <min_compatible>2.2.0</min_compatible>
      </version>
      <filename>measure.rb</filename>
      <filetype>rb</filetype>
      <usage_type>script</usage_type>
      <checksum>113D8E5D</checksum>
    </file>
    <file>
      <filename>USA_MA_Chicopee.Falls-Westover.AFB.744910_TMY3.ddy</filename>
      <filetype>ddy</filetype>
      <usage_type>resource</usage_type>
      <checksum>E6E9C6C4</checksum>
    </file>
    <file>
      <filename>USA_MA_North.Adams.AP.725075_TMY3.ddy</filename>
      <filetype>ddy</filetype>
      <usage_type>resource</usage_type>
      <checksum>C9DCD5AF</checksum>
    </file>
  </files>
</measure>
