<?xml version="1.0"?>
<measure>
  <schema_version>3.0</schema_version>
  <name>cea_horticulture_lighting_advanced_controls</name>
  <uid>759d757d-582f-4a3d-8263-8048819a4a59</uid>
  <version_id>7aa763d8-23eb-4f03-8a0a-81c5caf72069</version_id>
  <version_modified>20220506T164454Z</version_modified>
  <xml_checksum>E282E977</xml_checksum>
  <class_name>CeaHorticultureLightingAdvancedControls</class_name>
  <display_name>cea_horticulture_lighting_advanced_controls</display_name>
  <description>Sometime cultivators will used lighting controls to either trim down the full output percentage of the installed lighting, or institute a ramping on and off of the fixtures, called bedding cycles.  This measures has arguments that will allow entry of either a dimming percentage or a yes or no argument for bedding cycles.  Bedding cycles will only be applied to the flower room at this point.  Currently bedding cylce ramp is a 30% decrease in output that takes two hours.  

TODO: expand to any of the cultivation chambers.   </description>
  <modeler_description>UI arguments will just be an integer for the full trim option - with a 0 smart default that just skips the feature - and a yes/no choice for whether or not to apply bedding cycles.   An additional argument will be included in the workflow for space assignment and schedule assignment.  A new schedule resources -with bedding cycle- is added to sedd model.  When yes the schedule will be swapped in the space type assignment for the flower spaces.</modeler_description>
  <arguments>
    <argument>
      <name>veg_space</name>
      <display_name>Choose a veg space</display_name>
      <type>Choice</type>
      <required>true</required>
      <model_dependent>false</model_dependent>
    </argument>
    <argument>
      <name>flower_space</name>
      <display_name>Choose a flower space</display_name>
      <type>Choice</type>
      <required>true</required>
      <model_dependent>false</model_dependent>
    </argument>
    <argument>
      <name>flower_lighting_schedule</name>
      <display_name>Choose the bedding Lighting Schedule</display_name>
      <type>Choice</type>
      <required>true</required>
      <model_dependent>false</model_dependent>
    </argument>
    <argument>
      <name>trim_value</name>
      <display_name>Enter a multiplier for Full Power Trim</display_name>
      <description>This value represents a mulitiplier eg 80% = 0.80 of full power for the Lighting Power within that space.  It works by trimming a specific lighting day schedule</description>
      <type>Double</type>
      <required>true</required>
      <model_dependent>false</model_dependent>
    </argument>
    <argument>
      <name>bedding_cycle_input</name>
      <display_name>Yes/No string argument for applying bedding cyle</display_name>
      <type>String</type>
      <required>true</required>
      <model_dependent>false</model_dependent>
    </argument>
  </arguments>
  <outputs />
  <provenances />
  <tags>
    <tag>Electric Lighting.Electric Lighting Controls</tag>
  </tags>
  <attributes>
    <attribute>
      <name>Measure Type</name>
      <value>ModelMeasure</value>
      <datatype>string</datatype>
    </attribute>
    <attribute>
      <name>Intended Software Tool</name>
      <value>Apply Measure Now</value>
      <datatype>string</datatype>
    </attribute>
    <attribute>
      <name>Intended Software Tool</name>
      <value>OpenStudio Application</value>
      <datatype>string</datatype>
    </attribute>
    <attribute>
      <name>Intended Software Tool</name>
      <value>Parametric Analysis Tool</value>
      <datatype>string</datatype>
    </attribute>
    <attribute>
      <name>Intended Use Case</name>
      <value>Model Articulation</value>
      <datatype>string</datatype>
    </attribute>
    <attribute>
      <name>Intended Use Case</name>
      <value>Calibration</value>
      <datatype>string</datatype>
    </attribute>
    <attribute>
      <name>Intended Use Case</name>
      <value>Sensitivity Analysis</value>
      <datatype>string</datatype>
    </attribute>
    <attribute>
      <name>Intended Use Case</name>
      <value>New Construction EE</value>
      <datatype>string</datatype>
    </attribute>
  </attributes>
  <files>
    <file>
      <filename>LICENSE.md</filename>
      <filetype>md</filetype>
      <usage_type>license</usage_type>
      <checksum>CD7F5672</checksum>
    </file>
    <file>
      <filename>README.md.erb</filename>
      <filetype>erb</filetype>
      <usage_type>readmeerb</usage_type>
      <checksum>F1C26127</checksum>
    </file>
    <file>
      <filename>.gitkeep</filename>
      <filetype>gitkeep</filetype>
      <usage_type>doc</usage_type>
      <checksum>00000000</checksum>
    </file>
    <file>
      <filename>cea_horticulture_lighting_advanced_controls_test.rb</filename>
      <filetype>rb</filetype>
      <usage_type>test</usage_type>
      <checksum>0ECC0ED4</checksum>
    </file>
    <file>
      <filename>example_model.osm</filename>
      <filetype>osm</filetype>
      <usage_type>test</usage_type>
      <checksum>53D14E69</checksum>
    </file>
    <file>
      <filename>README.md</filename>
      <filetype>md</filetype>
      <usage_type>readme</usage_type>
      <checksum>0F799578</checksum>
    </file>
    <file>
      <version>
        <software_program>OpenStudio</software_program>
        <identifier>3.3.0</identifier>
        <min_compatible>3.3.0</min_compatible>
      </version>
      <filename>measure.rb</filename>
      <filetype>rb</filetype>
      <usage_type>script</usage_type>
      <checksum>0B48EE2A</checksum>
    </file>
  </files>
</measure>
