<?xml version="1.0"?>
<measure>
  <schema_version>3.0</schema_version>
  <name>tariff_selection_flat</name>
  <uid>539c3e8e-6c41-4f50-ac61-6cbbf1ee1b55</uid>
  <version_id>ae3f121b-ab12-44c7-9866-a91add1a972e</version_id>
  <version_modified>20220913T160147Z</version_modified>
  <xml_checksum>FBDC6D11</xml_checksum>
  <class_name>TariffSelectionFlat</class_name>
  <display_name>Tariff Selection-Flat</display_name>
  <description>This measure sets flat rates for electricity, gas, water, district heating, and district cooling.</description>
  <modeler_description>Will add the necessary UtilityCost objects into the model.</modeler_description>
  <arguments>
    <argument>
      <name>demand_window_length</name>
      <display_name>Demand Window Length.</display_name>
      <type>Choice</type>
      <required>true</required>
      <model_dependent>false</model_dependent>
      <default_value>QuarterHour</default_value>
      <choices>
        <choice>
          <value>QuarterHour</value>
          <display_name>QuarterHour</display_name>
        </choice>
        <choice>
          <value>HalfHour</value>
          <display_name>HalfHour</display_name>
        </choice>
        <choice>
          <value>FullHour</value>
          <display_name>FullHour</display_name>
        </choice>
      </choices>
    </argument>
    <argument>
      <name>elec_rate</name>
      <display_name>Electric Rate</display_name>
      <type>Double</type>
      <units>$/kWh</units>
      <required>true</required>
      <model_dependent>false</model_dependent>
      <default_value>0.12</default_value>
    </argument>
    <argument>
      <name>elec_demand_rate</name>
      <display_name>Electric Demand Rate</display_name>
      <type>Double</type>
      <units>$/kW</units>
      <required>true</required>
      <model_dependent>false</model_dependent>
      <default_value>12</default_value>
    </argument>
    <argument>
      <name>elec_monthly_rate</name>
      <display_name>Electric Monthly Rate</display_name>
      <type>Double</type>
      <units>$/month</units>
      <required>true</required>
      <model_dependent>false</model_dependent>
      <default_value>120</default_value>
    </argument>
    <argument>
      <name>gas_rate</name>
      <display_name>Gas Rate</display_name>
      <type>Double</type>
      <units>$/therm</units>
      <required>true</required>
      <model_dependent>false</model_dependent>
      <default_value>0.5</default_value>
    </argument>
    <argument>
      <name>gas_monthly_rate</name>
      <display_name>Gas Montly Rate</display_name>
      <type>Double</type>
      <units>$/month</units>
      <required>true</required>
      <model_dependent>false</model_dependent>
      <default_value>50</default_value>
    </argument>
    <argument>
      <name>water_rate</name>
      <display_name>Water Rate</display_name>
      <type>Double</type>
      <units>$/gal</units>
      <required>true</required>
      <model_dependent>false</model_dependent>
      <default_value>0.005</default_value>
    </argument>
    <argument>
      <name>disthtg_rate</name>
      <display_name>District Heating Rate</display_name>
      <type>Double</type>
      <units>$/therm</units>
      <required>true</required>
      <model_dependent>false</model_dependent>
      <default_value>0.2</default_value>
    </argument>
    <argument>
      <name>distclg_rate</name>
      <display_name>District Cooling Rate</display_name>
      <type>Double</type>
      <units>$/therm</units>
      <required>true</required>
      <model_dependent>false</model_dependent>
      <default_value>0.2</default_value>
    </argument>
  </arguments>
  <outputs />
  <provenances />
  <tags>
    <tag>Economics.Life Cycle Cost Analysis</tag>
  </tags>
  <attributes>
    <attribute>
      <name>Intended Software Tool</name>
      <value>OpenStudio Application</value>
      <datatype>string</datatype>
    </attribute>
    <attribute>
      <name>Intended Software Tool</name>
      <value>Parametric Analysis Tool</value>
      <datatype>string</datatype>
    </attribute>
    <attribute>
      <name>Intended Software Tool</name>
      <value>Analysis Spreadsheet</value>
      <datatype>string</datatype>
    </attribute>
    <attribute>
      <name>Intended Use Case</name>
      <value>Sensitivity Analysis</value>
      <datatype>string</datatype>
    </attribute>
    <attribute>
      <name>Intended Use Case</name>
      <value>New Construction EE</value>
      <datatype>string</datatype>
    </attribute>
    <attribute>
      <name>Intended Use Case</name>
      <value>Retrofit EE</value>
      <datatype>string</datatype>
    </attribute>
    <attribute>
      <name>Intended Software Tool</name>
      <value>OpenStudio Application</value>
      <datatype>string</datatype>
    </attribute>
    <attribute>
      <name>Intended Software Tool</name>
      <value>Parametric Analysis Tool</value>
      <datatype>string</datatype>
    </attribute>
    <attribute>
      <name>Intended Software Tool</name>
      <value>Analysis Spreadsheet</value>
      <datatype>string</datatype>
    </attribute>
    <attribute>
      <name>Intended Use Case</name>
      <value>Sensitivity Analysis</value>
      <datatype>string</datatype>
    </attribute>
    <attribute>
      <name>Intended Use Case</name>
      <value>New Construction EE</value>
      <datatype>string</datatype>
    </attribute>
    <attribute>
      <name>Intended Use Case</name>
      <value>Retrofit EE</value>
      <datatype>string</datatype>
    </attribute>
    <attribute>
      <name>Measure Type</name>
      <value>EnergyPlusMeasure</value>
      <datatype>string</datatype>
    </attribute>
    <attribute>
      <name>Intended Software Tool</name>
      <value>OpenStudio Application</value>
      <datatype>string</datatype>
    </attribute>
    <attribute>
      <name>Intended Software Tool</name>
      <value>Parametric Analysis Tool</value>
      <datatype>string</datatype>
    </attribute>
    <attribute>
      <name>Intended Software Tool</name>
      <value>Analysis Spreadsheet</value>
      <datatype>string</datatype>
    </attribute>
    <attribute>
      <name>Intended Use Case</name>
      <value>Sensitivity Analysis</value>
      <datatype>string</datatype>
    </attribute>
    <attribute>
      <name>Intended Use Case</name>
      <value>New Construction EE</value>
      <datatype>string</datatype>
    </attribute>
    <attribute>
      <name>Intended Use Case</name>
      <value>Retrofit EE</value>
      <datatype>string</datatype>
    </attribute>
  </attributes>
  <files>
    <file>
      <filename>EnvelopeAndLoadTestModel_01.osm</filename>
      <filetype>osm</filetype>
      <usage_type>test</usage_type>
      <checksum>E11F67BD</checksum>
    </file>
    <file>
      <filename>README.md.erb</filename>
      <filetype>erb</filetype>
      <usage_type>readmeerb</usage_type>
      <checksum>703C9964</checksum>
    </file>
    <file>
      <filename>README.md</filename>
      <filetype>md</filetype>
      <usage_type>readme</usage_type>
      <checksum>A6339B0D</checksum>
    </file>
    <file>
      <filename>LICENSE.md</filename>
      <filetype>md</filetype>
      <usage_type>license</usage_type>
      <checksum>A21A3ED2</checksum>
    </file>
    <file>
      <filename>tariff_selection_flat_test.rb</filename>
      <filetype>rb</filetype>
      <usage_type>test</usage_type>
      <checksum>1F3F703C</checksum>
    </file>
    <file>
      <version>
        <software_program>OpenStudio</software_program>
        <identifier>2.0.0</identifier>
        <min_compatible>2.8.0</min_compatible>
      </version>
      <filename>measure.rb</filename>
      <filetype>rb</filetype>
      <usage_type>script</usage_type>
      <checksum>033ADCF7</checksum>
    </file>
    <file>
      <filename>os_lib_helper_methods.rb</filename>
      <filetype>rb</filetype>
      <usage_type>resource</usage_type>
      <checksum>22515A49</checksum>
    </file>
  </files>
</measure>
