<measure>
  <schema_version>3.0</schema_version>
  <name>gh_thermal_curtains_on_off</name>
  <uid>78f59d48-a99f-4eb2-a0e5-81860a23fad0</uid>
  <version_id>94b2a518-53fa-4c0b-a00a-304dec4a49f7</version_id>
  <version_modified>20210721T180612Z</version_modified>
  <xml_checksum>2AF3A68E</xml_checksum>
  <class_name>GHThermalCurtainsOnOff</class_name>
  <display_name>GH_ThermalCurtainsOnOff</display_name>
  <description>Uses shading devices and schedules to represent the thermal savings from a thermal curtain in ag.  Uses conductivity, and emmisivity, VLT properties etc for a shade:material,  then a schedule for closed at night.</description>
  <modeler_description>Looks for Shade Control 3, and sets schedule to AlwaysOff or OnIfAvailabile</modeler_description>
  <arguments>
    <argument>
      <name>thermal_curtain_sched</name>
      <display_name>Choose Control Type for Shading:Control</display_name>
      <type>Choice</type>
      <required>true</required>
      <model_dependent>false</model_dependent>
      <choices>
        <choice>
          <value>OnNightIfLowOutdoorTempAndOffDay</value>
          <display_name>OnNightIfLowOutdoorTempAndOffDay</display_name>
        </choice>
        <choice>
          <value>OnIfScheduleAllows</value>
          <display_name>OnIfScheduleAllows</display_name>
        </choice>
        <choice>
          <value>AlwaysOff</value>
          <display_name>AlwaysOff</display_name>
        </choice>
      </choices>
    </argument>
  </arguments>
  <outputs/>
  <provenances/>
  <tags>
    <tag>Envelope.Form</tag>
  </tags>
  <attributes>
    <attribute>
      <name>Measure Type</name>
      <value>ModelMeasure</value>
      <datatype>string</datatype>
    </attribute>
    <attribute>
      <name>Intended Software Tool</name>
      <value>Apply Measure Now</value>
      <datatype>string</datatype>
    </attribute>
    <attribute>
      <name>Intended Software Tool</name>
      <value>OpenStudio Application</value>
      <datatype>string</datatype>
    </attribute>
    <attribute>
      <name>Intended Software Tool</name>
      <value>Parametric Analysis Tool</value>
      <datatype>string</datatype>
    </attribute>
  </attributes>
  <files>
    <file>
      <filename>LICENSE.md</filename>
      <filetype>md</filetype>
      <usage_type>license</usage_type>
      <checksum>CD7F5672</checksum>
    </file>
    <file>
      <filename>README.md.erb</filename>
      <filetype>erb</filetype>
      <usage_type>readmeerb</usage_type>
      <checksum>703C9964</checksum>
    </file>
    <file>
      <filename>.gitkeep</filename>
      <filetype>gitkeep</filetype>
      <usage_type>doc</usage_type>
      <checksum>00000000</checksum>
    </file>
    <file>
      <filename>gh_thermal_curtains_on_off_test.rb</filename>
      <filetype>rb</filetype>
      <usage_type>test</usage_type>
      <checksum>095FAED1</checksum>
    </file>
    <file>
      <filename>example_model.osm</filename>
      <filetype>osm</filetype>
      <usage_type>test</usage_type>
      <checksum>53D14E69</checksum>
    </file>
    <file>
      <filename>README.md</filename>
      <filetype>md</filetype>
      <usage_type>readme</usage_type>
      <checksum>3AD02ED3</checksum>
    </file>
    <file>
      <version>
        <software_program>OpenStudio</software_program>
        <identifier>2.9.0</identifier>
        <min_compatible>2.9.0</min_compatible>
      </version>
      <filename>measure.rb</filename>
      <filetype>rb</filetype>
      <usage_type>script</usage_type>
      <checksum>2FB30C3B</checksum>
    </file>
  </files>
</measure>
