<?xml version="1.0"?>
<measure>
  <schema_version>3.0</schema_version>
  <name>set_lighting_loads_by_lpd</name>
  <uid>901c076e-02af-4bf4-a780-57391e7b1e2a</uid>
  <version_id>4ef1f876-6ccb-4a18-b4e2-15c5cf8b9216</version_id>
  <version_modified>20220913T160145Z</version_modified>
  <xml_checksum>293730A7</xml_checksum>
  <class_name>SetLightingLoadsByLPD</class_name>
  <display_name>Set Lighting Loads by LPD</display_name>
  <description>Set the lighting power density (W/ft^2) in the to a specified value for all spaces that have lights. This can be applied to the entire building or a specific space type. Cost can be added per floor area</description>
  <modeler_description>Delete all of the existing lighting in the model. Add lights with the user defined lighting power density to all spaces that initially had lights, using the schedule from the original lights. If multiple lights existed the schedule will be pulled from the one with the highest lighting power density value. Demolition costs from lights and luminaires removed by this measure can be included in the analysis.</modeler_description>
  <arguments>
    <argument>
      <name>space_type</name>
      <display_name>Apply the Measure to a Specific Space Type or to the Entire Model</display_name>
      <type>Choice</type>
      <required>true</required>
      <model_dependent>false</model_dependent>
      <default_value>{55eaed5f-0411-44eb-8300-9997d9b94a42}</default_value>
      <choices>
        <choice>
          <value>{55eaed5f-0411-44eb-8300-9997d9b94a42}</value>
          <display_name>*Entire Building*</display_name>
        </choice>
      </choices>
    </argument>
    <argument>
      <name>lpd</name>
      <display_name>Lighting Power Density (W/ft^2)</display_name>
      <type>Double</type>
      <required>true</required>
      <model_dependent>false</model_dependent>
      <default_value>1</default_value>
    </argument>
    <argument>
      <name>add_instance_all_spaces</name>
      <display_name>Add lights to all spaces included in floor area, including spaces that did not originally include lights</display_name>
      <type>Boolean</type>
      <required>true</required>
      <model_dependent>false</model_dependent>
      <default_value>false</default_value>
      <choices>
        <choice>
          <value>true</value>
          <display_name>true</display_name>
        </choice>
        <choice>
          <value>false</value>
          <display_name>false</display_name>
        </choice>
      </choices>
    </argument>
    <argument>
      <name>material_cost</name>
      <display_name>Material and Installation Costs for Lights per Floor Area ($/ft^2).</display_name>
      <type>Double</type>
      <required>true</required>
      <model_dependent>false</model_dependent>
      <default_value>0</default_value>
    </argument>
    <argument>
      <name>demolition_cost</name>
      <display_name>Demolition Costs for Lights per Floor Area ($/ft^2).</display_name>
      <type>Double</type>
      <required>true</required>
      <model_dependent>false</model_dependent>
      <default_value>0</default_value>
    </argument>
    <argument>
      <name>years_until_costs_start</name>
      <display_name>Years Until Costs Start (whole years).</display_name>
      <type>Integer</type>
      <required>true</required>
      <model_dependent>false</model_dependent>
      <default_value>0</default_value>
    </argument>
    <argument>
      <name>demo_cost_initial_const</name>
      <display_name>Demolition Costs Occur During Initial Construction?</display_name>
      <type>Boolean</type>
      <required>true</required>
      <model_dependent>false</model_dependent>
      <default_value>false</default_value>
      <choices>
        <choice>
          <value>true</value>
          <display_name>true</display_name>
        </choice>
        <choice>
          <value>false</value>
          <display_name>false</display_name>
        </choice>
      </choices>
    </argument>
    <argument>
      <name>expected_life</name>
      <display_name>Expected Life (whole years).</display_name>
      <type>Integer</type>
      <required>true</required>
      <model_dependent>false</model_dependent>
      <default_value>20</default_value>
    </argument>
    <argument>
      <name>om_cost</name>
      <display_name>O &amp; M Costs for Lights per Floor Area ($/ft^2).</display_name>
      <type>Double</type>
      <required>true</required>
      <model_dependent>false</model_dependent>
      <default_value>0</default_value>
    </argument>
    <argument>
      <name>om_frequency</name>
      <display_name>O &amp; M Frequency (whole years).</display_name>
      <type>Integer</type>
      <required>true</required>
      <model_dependent>false</model_dependent>
      <default_value>1</default_value>
    </argument>
  </arguments>
  <outputs />
  <provenances />
  <tags>
    <tag>Electric Lighting.Lighting Equipment</tag>
  </tags>
  <attributes>
    <attribute>
      <name>Measure Type</name>
      <value>ModelMeasure</value>
      <datatype>string</datatype>
    </attribute>
    <attribute>
      <name>Measure Function</name>
      <value>Measure</value>
      <datatype>string</datatype>
    </attribute>
    <attribute>
      <name>Requires EnergyPlus Results</name>
      <value>false</value>
      <datatype>boolean</datatype>
    </attribute>
    <attribute>
      <name>Uses SketchUp API</name>
      <value>false</value>
      <datatype>boolean</datatype>
    </attribute>
  </attributes>
  <files>
    <file>
      <filename>EnvelopeAndLoadTestModel_01.osm</filename>
      <filetype>osm</filetype>
      <usage_type>test</usage_type>
      <checksum>10AA8866</checksum>
    </file>
    <file>
      <filename>EnvelopeAndLoadTestModel_01_Costed.osm</filename>
      <filetype>osm</filetype>
      <usage_type>test</usage_type>
      <checksum>E025B7B3</checksum>
    </file>
    <file>
      <filename>HasSpaceWithNoLightsOrElec.osm</filename>
      <filetype>osm</filetype>
      <usage_type>test</usage_type>
      <checksum>ECE1D347</checksum>
    </file>
    <file>
      <filename>README.md.erb</filename>
      <filetype>erb</filetype>
      <usage_type>readmeerb</usage_type>
      <checksum>232D0477</checksum>
    </file>
    <file>
      <filename>README.md</filename>
      <filetype>md</filetype>
      <usage_type>readme</usage_type>
      <checksum>DD51F214</checksum>
    </file>
    <file>
      <filename>LICENSE.md</filename>
      <filetype>md</filetype>
      <usage_type>license</usage_type>
      <checksum>A21A3ED2</checksum>
    </file>
    <file>
      <filename>ReplaceLightsWithLPD_01_Test.rb</filename>
      <filetype>rb</filetype>
      <usage_type>test</usage_type>
      <checksum>6098F992</checksum>
    </file>
    <file>
      <version>
        <software_program>OpenStudio</software_program>
        <identifier>2.0.0</identifier>
        <min_compatible>2.0.0</min_compatible>
      </version>
      <filename>measure.rb</filename>
      <filetype>rb</filetype>
      <usage_type>script</usage_type>
      <checksum>F59AFA3D</checksum>
    </file>
  </files>
</measure>
