<?xml version="1.0"?>
<measure>
  <schema_version>3.0</schema_version>
  <name>cea_indoor_zone_dx_dehumidifier</name>
  <uid>d89adc19-d7cc-4665-9205-bb4cda20b9ff</uid>
  <version_id>2c380dae-a7ae-4f54-bb20-39856009e4ff</version_id>
  <version_modified>20230927T151010Z</version_modified>
  <xml_checksum>9D680690</xml_checksum>
  <class_name>CeaIndoorZoneDxDehumidifier</class_name>
  <display_name>cea_indoor_zone_dx_dehumidifier</display_name>
  <description>Adds a thermal zone level dehumidifiier </description>
  <modeler_description>Finds Thermal Zones withing the model - user selectable - add adds a zone dehumidifier with rated efficiency as a float.  Includes adding a ZoneHVAC:Dehumidifier:DX.

</modeler_description>
  <arguments>
    <argument>
      <name>veg_space</name>
      <display_name>Choose a veg space</display_name>
      <type>Choice</type>
      <required>true</required>
      <model_dependent>false</model_dependent>
    </argument>
    <argument>
      <name>flower_space</name>
      <display_name>Choose a flower space</display_name>
      <type>Choice</type>
      <required>true</required>
      <model_dependent>false</model_dependent>
    </argument>
    <argument>
      <name>veg_num_of_dh_units</name>
      <display_name>How many dh units are installed in the veg zone?</display_name>
      <type>Double</type>
      <required>true</required>
      <model_dependent>false</model_dependent>
      <default_value>0</default_value>
    </argument>
    <argument>
      <name>rated_efficiency_factor</name>
      <display_name>Enter the Rated Efficiency Factor for DX Dehumidiier</display_name>
      <type>Double</type>
      <required>true</required>
      <model_dependent>false</model_dependent>
      <default_value>3.41</default_value>
    </argument>
    <argument>
      <name>flower_num_of_dh_units</name>
      <display_name>How many dh units are installed in the flower zone?</display_name>
      <type>Double</type>
      <required>true</required>
      <model_dependent>false</model_dependent>
      <default_value>0</default_value>
    </argument>
  </arguments>
  <outputs />
  <provenances />
  <tags>
    <tag>HVAC.Cooling</tag>
  </tags>
  <attributes>
    <attribute>
      <name>Measure Type</name>
      <value>ModelMeasure</value>
      <datatype>string</datatype>
    </attribute>
    <attribute>
      <name>Intended Software Tool</name>
      <value>Apply Measure Now</value>
      <datatype>string</datatype>
    </attribute>
    <attribute>
      <name>Intended Software Tool</name>
      <value>OpenStudio Application</value>
      <datatype>string</datatype>
    </attribute>
    <attribute>
      <name>Intended Software Tool</name>
      <value>Parametric Analysis Tool</value>
      <datatype>string</datatype>
    </attribute>
    <attribute>
      <name>Intended Use Case</name>
      <value>Model Articulation</value>
      <datatype>string</datatype>
    </attribute>
    <attribute>
      <name>Intended Use Case</name>
      <value>Calibration</value>
      <datatype>string</datatype>
    </attribute>
    <attribute>
      <name>Intended Use Case</name>
      <value>Sensitivity Analysis</value>
      <datatype>string</datatype>
    </attribute>
  </attributes>
  <files>
    <file>
      <filename>LICENSE.md</filename>
      <filetype>md</filetype>
      <usage_type>license</usage_type>
      <checksum>CD7F5672</checksum>
    </file>
    <file>
      <filename>README.md.erb</filename>
      <filetype>erb</filetype>
      <usage_type>readmeerb</usage_type>
      <checksum>703C9964</checksum>
    </file>
    <file>
      <filename>.gitkeep</filename>
      <filetype>gitkeep</filetype>
      <usage_type>doc</usage_type>
      <checksum>00000000</checksum>
    </file>
    <file>
      <filename>cea_indoor_zone_dx_dehumidifier_test.rb</filename>
      <filetype>rb</filetype>
      <usage_type>test</usage_type>
      <checksum>734F64E0</checksum>
    </file>
    <file>
      <filename>example_model.osm</filename>
      <filetype>osm</filetype>
      <usage_type>test</usage_type>
      <checksum>53D14E69</checksum>
    </file>
    <file>
      <version>
        <software_program>OpenStudio</software_program>
        <identifier>2.9.0</identifier>
        <min_compatible>2.9.0</min_compatible>
      </version>
      <filename>measure.rb</filename>
      <filetype>rb</filetype>
      <usage_type>script</usage_type>
      <checksum>0D7C5241</checksum>
    </file>
    <file>
      <filename>README.md</filename>
      <filetype>md</filetype>
      <usage_type>readme</usage_type>
      <checksum>255C901C</checksum>
    </file>
  </files>
</measure>
