<measure xmlns:xsi="http://www.w3.org/2001/XMLSchema-instance" xsi:noNamespaceSchemaLocation="http://bcl.nrel.gov/xsd/measures/version/1.0.xsd">
 <schema_version>3.0</schema_version>
 <name>enable_demand_controlled_ventilation</name>
 <uid>3ff4b412-8689-4b11-a588-935c621dc97d</uid>
 <version_id>30f619d1-f447-4e19-aa18-9d266faf125e</version_id>
 <version_modified>20181101T151202Z</version_modified>
 <xml_checksum>ECE70A70</xml_checksum>
 <class_name>EnableDemandControlledVentilation</class_name>
 <display_name>Enable Demand Controlled Ventilation</display_name>
 <description>The facility currently does not have a demand controlled ventilation system or CO2 sensors in the air delivery system. Outside air is introduced and conditioned at a fixed rate based on the maximum design. Since the building occupancy fluctuates and is often less than the maximum design occupancy, it is being over-ventilated and consuming more energy than necessary. The building CO2 level is closely related to the occupancy. The typical outside CO2 level is relatively low concentration, around 400 to 500 ppm, and is used to dilute the higher indoor CO2 levels.&#13;Demand controlled ventilation could be implemented by deploying CO2 sensors located in each AHU return air duct and in densely occupied spaces, such as conference rooms. Implementation of this ECM will require:&#13;-Rebalance the open/closed outside air dampers to a lower minimum ventilation rate.&#13;-Program demand ventilation controls into each AHU, controlling modulating dampers in mixed air AHUs and VFDs in outside air units. Ventilation will be generally controlled from return air sensors, but will be increased as needed based on densely occupied space sensors.&#13;-Commission the project.</description>
 <modeler_description>This measure enable demand controlled ventilation on all or a single air loops in the building. The measure will loop through the selected systems, go into the &quot;control&quot; tab for the air system and toggles the &quot;Demand Controlled Ventilation&quot; button to the &quot;on&quot; position.&#13;&#13;&#13;&#13;&#13;
&#13;&#13;&#13;&#13;&#13;
If the HVAC system does not have an air side system, or if the &quot;Demand Controlled Ventilation&quot; button is already in the &quot;on&quot; position, then the runner sends an info message to the user that the model was not changed.&#13;&#13;&#13;&#13;&#13;
&#13;&#13;&#13;&#13;&#13;
The cost arguments are user arguments that start with a default of $0.</modeler_description>
 <arguments>
  <argument>
   <name>dcv_type</name>
   <display_name>DCV Type</display_name>
   <type>Choice</type>
   <required>true</required>
   <model_dependent>false</model_dependent>
   <choices>
    <choice>
     <value>EnableDCV</value>
     <display_name>EnableDCV</display_name>
    </choice>
    <choice>
     <value>DisableDCV</value>
     <display_name>DisableDCV</display_name>
    </choice>
    <choice>
     <value>NoChange</value>
     <display_name>NoChange</display_name>
    </choice>
   </choices>
  </argument>
 </arguments>
 <tags>
  <tag>HVAC.Ventilation</tag>
 </tags>
 <attributes>
  <attribute>
   <name>Measure Type</name>
   <value>ModelMeasure</value>
   <datatype>string</datatype>
  </attribute>
  <attribute>
   <name>Uses SketchUp API</name>
   <value>false</value>
   <datatype>boolean</datatype>
  </attribute>
 </attributes>
 <files>
  <file>
   <filename>0320_ModelWithHVAC_01.osm</filename>
   <filetype>osm</filetype>
   <usage_type>test</usage_type>
   <checksum>049F3417</checksum>
  </file>
  <file>
   <version>
    <software_program>OpenStudio</software_program>
    <identifier>2.0.0</identifier>
    <min_compatible>2.0.0</min_compatible>
   </version>
   <filename>measure.rb</filename>
   <filetype>rb</filetype>
   <usage_type>script</usage_type>
   <checksum>4FAE549F</checksum>
  </file>
  <file>
   <filename>EnableDemandControlledVentilation_Test.rb</filename>
   <filetype>rb</filetype>
   <usage_type>test</usage_type>
   <checksum>53DD7623</checksum>
  </file>
  <file>
   <filename>LICENSE.md</filename>
   <filetype>md</filetype>
   <usage_type>license</usage_type>
   <checksum>9640B6CB</checksum>
  </file>
  <file>
   <filename>README.md.erb</filename>
   <filetype>erb</filetype>
   <usage_type>readmeerb</usage_type>
   <checksum>703C9964</checksum>
  </file>
  <file>
   <filename>README.md</filename>
   <filetype>md</filetype>
   <usage_type>readme</usage_type>
   <checksum>F6CB5CF3</checksum>
  </file>
 </files>
</measure>
