<?xml version="1.0"?>
<measure>
  <schema_version>3.0</schema_version>
  <name>assign_construction_set_to_building</name>
  <uid>6e68ddea-2cff-47a3-9daf-f2189e4cf132</uid>
  <version_id>44de5d16-ee07-4122-bfd2-9b488da700f9</version_id>
  <version_modified>20210423T142509Z</version_modified>
  <xml_checksum>1E963D9C</xml_checksum>
  <class_name>AssignConstructionSetToBuilding</class_name>
  <display_name>AssignConstructionSetToBuilding</display_name>
  <description>This will assign an existing construction set to the building object. This will impact surfaces that don't have construction sets already assigned at story, space type, space, or surfaces with hard assigned constructions.</description>
  <modeler_description>What this is classified as opaque, it also affects fenestration.</modeler_description>
  <arguments>
    <argument>
      <name>construction_set</name>
      <display_name>Set the Default Construction Set for the Building.</display_name>
      <type>Choice</type>
      <required>true</required>
      <model_dependent>false</model_dependent>
      <default_value>{27349627-8827-46b4-80f7-4f0731404a8c}</default_value>
      <choices>
        <choice>
          <value>{27349627-8827-46b4-80f7-4f0731404a8c}</value>
          <display_name>&lt;clear field&gt;</display_name>
        </choice>
      </choices>
    </argument>
  </arguments>
  <outputs />
  <provenances />
  <tags>
    <tag>Envelope.Opaque</tag>
  </tags>
  <attributes>
    <attribute>
      <name>Measure Type</name>
      <value>ModelMeasure</value>
      <datatype>string</datatype>
    </attribute>
    <attribute>
      <name>Uses SketchUp API</name>
      <value>false</value>
      <datatype>boolean</datatype>
    </attribute>
  </attributes>
  <files>
    <file>
      <filename>LargeHotel.osm</filename>
      <filetype>osm</filetype>
      <usage_type>test</usage_type>
      <checksum>094C90D7</checksum>
    </file>
    <file>
      <filename>README.md.erb</filename>
      <filetype>erb</filetype>
      <usage_type>readmeerb</usage_type>
      <checksum>703C9964</checksum>
    </file>
    <file>
      <filename>README.md</filename>
      <filetype>md</filetype>
      <usage_type>readme</usage_type>
      <checksum>26A13C70</checksum>
    </file>
    <file>
      <version>
        <software_program>OpenStudio</software_program>
        <identifier>2.0.0</identifier>
        <min_compatible>2.0.0</min_compatible>
      </version>
      <filename>measure.rb</filename>
      <filetype>rb</filetype>
      <usage_type>script</usage_type>
      <checksum>40E5CA19</checksum>
    </file>
    <file>
      <filename>AssignConstructionSetToBuilding_Test.rb</filename>
      <filetype>rb</filetype>
      <usage_type>test</usage_type>
      <checksum>51FB4344</checksum>
    </file>
    <file>
      <filename>LICENSE.md</filename>
      <filetype>md</filetype>
      <usage_type>license</usage_type>
      <checksum>A21A3ED2</checksum>
    </file>
  </files>
</measure>
